version,program_version,seed,generator_seed_hex,n,directional,cleared,all_clear,virtual_time_s,average_clear_time_s,move_time_s,action_time_s,measure_count,channel_switch_count,clear_failure_count,census_count,wall_time_s,counts_match,time_accounting_match,code_unchanged_during_run,network_access,benchmark_sha256,simulator_sha256
q4_iterations\iter_066_adaptive_probe4_guard11\workspace\code,v436-adaptive-probe4-guard11,1000,a39334436216b7720ce278b711385d7dca832383743dc7ee45cf80f278994aa2,15,14,13,False,4687.426431,360.5712639230769,3308.426431,1379.0,216,207,9,18,1.9530000000013388,True,True,True,blocked_by_python_audit_hook,a56410dbdb2101e5af10affcc60fde342fc2f580bd20ed6e1c91273cd90b1c4d,a677095911df518d8442cc7d35b2a623f527e4f2b4462326375a9056f3f1c3ec
q4_iterations\iter_069_mec40_rescan_gate\workspace\code,v437-mec40-rescan-gate,1000,a39334436216b7720ce278b711385d7dca832383743dc7ee45cf80f278994aa2,15,14,13,False,5358.912366,412.2240281538461,4000.912366,1358.0,211,202,12,18,2.014999999999418,True,True,True,blocked_by_python_audit_hook,a56410dbdb2101e5af10affcc60fde342fc2f580bd20ed6e1c91273cd90b1c4d,a677095911df518d8442cc7d35b2a623f527e4f2b4462326375a9056f3f1c3ec
q4_iterations\iter_070_mec80_rescan_gate\workspace\code,v438-mec80-rescan-gate,1000,a39334436216b7720ce278b711385d7dca832383743dc7ee45cf80f278994aa2,15,14,13,False,5345.230488,411.171576,4000.230488,1345.0,209,199,12,18,2.0,True,True,True,blocked_by_python_audit_hook,a56410dbdb2101e5af10affcc60fde342fc2f580bd20ed6e1c91273cd90b1c4d,a677095911df518d8442cc7d35b2a623f527e4f2b4462326375a9056f3f1c3ec
q4_iterations\iter_066_adaptive_probe4_guard11\workspace\code,v436-adaptive-probe4-guard11,1001,6a92cde9a30ece31faeac9a4be1e43b8aa972356165c7304da2dbae1a85fe92c,16,1,16,True,4273.706309,267.1066443125,3279.706309,994.0,139,129,30,19,1.9059999999990396,True,True,True,blocked_by_python_audit_hook,a56410dbdb2101e5af10affcc60fde342fc2f580bd20ed6e1c91273cd90b1c4d,a677095911df518d8442cc7d35b2a623f527e4f2b4462326375a9056f3f1c3ec
q4_iterations\iter_069_mec40_rescan_gate\workspace\code,v437-mec40-rescan-gate,1001,6a92cde9a30ece31faeac9a4be1e43b8aa972356165c7304da2dbae1a85fe92c,16,1,16,True,4251.118405,265.6949003125,3279.118405,972.0,133,125,34,19,1.9530000000013388,True,True,True,blocked_by_python_audit_hook,a56410dbdb2101e5af10affcc60fde342fc2f580bd20ed6e1c91273cd90b1c4d,a677095911df518d8442cc7d35b2a623f527e4f2b4462326375a9056f3f1c3ec
q4_iterations\iter_070_mec80_rescan_gate\workspace\code,v438-mec80-rescan-gate,1001,6a92cde9a30ece31faeac9a4be1e43b8aa972356165c7304da2dbae1a85fe92c,16,1,16,True,4234.977501,264.6860938125,3280.977501,954.0,129,121,36,19,1.9370000000017171,True,True,True,blocked_by_python_audit_hook,a56410dbdb2101e5af10affcc60fde342fc2f580bd20ed6e1c91273cd90b1c4d,a677095911df518d8442cc7d35b2a623f527e4f2b4462326375a9056f3f1c3ec
q4_iterations\iter_066_adaptive_probe4_guard11\workspace\code,v436-adaptive-probe4-guard11,1002,b16bedba126f505b0eef897842824c4628a3ef6bed6b3f14ef46b6cc0e790676,13,10,13,True,5334.207379,410.32364453846156,3937.207379,1397.0,215,200,19,19,2.0459999999984575,True,True,True,blocked_by_python_audit_hook,a56410dbdb2101e5af10affcc60fde342fc2f580bd20ed6e1c91273cd90b1c4d,a677095911df518d8442cc7d35b2a623f527e4f2b4462326375a9056f3f1c3ec
q4_iterations\iter_069_mec40_rescan_gate\workspace\code,v437-mec40-rescan-gate,1002,b16bedba126f505b0eef897842824c4628a3ef6bed6b3f14ef46b6cc0e790676,13,10,13,True,5336.990491,410.537730076923,3945.990491,1391.0,214,199,19,19,2.0459999999984575,True,True,True,blocked_by_python_audit_hook,a56410dbdb2101e5af10affcc60fde342fc2f580bd20ed6e1c91273cd90b1c4d,a677095911df518d8442cc7d35b2a623f527e4f2b4462326375a9056f3f1c3ec
q4_iterations\iter_070_mec80_rescan_gate\workspace\code,v438-mec80-rescan-gate,1002,b16bedba126f505b0eef897842824c4628a3ef6bed6b3f14ef46b6cc0e790676,13,10,13,True,5323.20782,409.4775246153846,3937.20782,1386.0,213,199,19,19,1.75,True,True,True,blocked_by_python_audit_hook,a56410dbdb2101e5af10affcc60fde342fc2f580bd20ed6e1c91273cd90b1c4d,a677095911df518d8442cc7d35b2a623f527e4f2b4462326375a9056f3f1c3ec
q4_iterations\iter_066_adaptive_probe4_guard11\workspace\code,v436-adaptive-probe4-guard11,1003,6ec4fe5f46e6a1fb96e9ff2fa84a021808ee77fd95395210770bfa4b527358b2,10,2,10,True,4827.3339,482.73339,3511.3339,1316.0,200,191,25,15,1.5940000000009604,True,True,True,blocked_by_python_audit_hook,a56410dbdb2101e5af10affcc60fde342fc2f580bd20ed6e1c91273cd90b1c4d,a677095911df518d8442cc7d35b2a623f527e4f2b4462326375a9056f3f1c3ec
q4_iterations\iter_069_mec40_rescan_gate\workspace\code,v437-mec40-rescan-gate,1003,6ec4fe5f46e6a1fb96e9ff2fa84a021808ee77fd95395210770bfa4b527358b2,10,2,10,True,4813.8263,481.38262999999995,3513.8263,1300.0,197,187,26,15,1.5940000000009604,True,True,True,blocked_by_python_audit_hook,a56410dbdb2101e5af10affcc60fde342fc2f580bd20ed6e1c91273cd90b1c4d,a677095911df518d8442cc7d35b2a623f527e4f2b4462326375a9056f3f1c3ec
q4_iterations\iter_070_mec80_rescan_gate\workspace\code,v438-mec80-rescan-gate,1003,6ec4fe5f46e6a1fb96e9ff2fa84a021808ee77fd95395210770bfa4b527358b2,10,2,10,True,4708.95754,470.895754,3485.95754,1223.0,195,186,4,15,1.4840000000003783,True,True,True,blocked_by_python_audit_hook,a56410dbdb2101e5af10affcc60fde342fc2f580bd20ed6e1c91273cd90b1c4d,a677095911df518d8442cc7d35b2a623f527e4f2b4462326375a9056f3f1c3ec
q4_iterations\iter_066_adaptive_probe4_guard11\workspace\code,v436-adaptive-probe4-guard11,1004,37e989970d07895fea1e87128626768d1ed7cc6e1f08beb6c25e92537297f4a0,16,14,12,False,5113.886954,426.15724616666665,3676.886954,1437.0,227,215,9,19,1.7029999999977008,True,True,True,blocked_by_python_audit_hook,a56410dbdb2101e5af10affcc60fde342fc2f580bd20ed6e1c91273cd90b1c4d,a677095911df518d8442cc7d35b2a623f527e4f2b4462326375a9056f3f1c3ec
q4_iterations\iter_069_mec40_rescan_gate\workspace\code,v437-mec40-rescan-gate,1004,37e989970d07895fea1e87128626768d1ed7cc6e1f08beb6c25e92537297f4a0,16,14,12,False,5100.886954,425.0739128333333,3676.886954,1424.0,225,212,9,19,1.7029999999977008,True,True,True,blocked_by_python_audit_hook,a56410dbdb2101e5af10affcc60fde342fc2f580bd20ed6e1c91273cd90b1c4d,a677095911df518d8442cc7d35b2a623f527e4f2b4462326375a9056f3f1c3ec
q4_iterations\iter_070_mec80_rescan_gate\workspace\code,v438-mec80-rescan-gate,1004,37e989970d07895fea1e87128626768d1ed7cc6e1f08beb6c25e92537297f4a0,16,14,12,False,5078.19403,423.1828358333333,3677.19403,1401.0,221,209,9,19,1.7030000000013388,True,True,True,blocked_by_python_audit_hook,a56410dbdb2101e5af10affcc60fde342fc2f580bd20ed6e1c91273cd90b1c4d,a677095911df518d8442cc7d35b2a623f527e4f2b4462326375a9056f3f1c3ec
q4_iterations\iter_066_adaptive_probe4_guard11\workspace\code,v436-adaptive-probe4-guard11,1005,defb8891c8a6d7555ad88929607b571f9c86d3f206545861775f1da0730d1f68,16,4,16,True,4427.239243,276.7024526875,3406.239243,1021.0,148,135,22,21,1.7030000000013388,True,True,True,blocked_by_python_audit_hook,a56410dbdb2101e5af10affcc60fde342fc2f580bd20ed6e1c91273cd90b1c4d,a677095911df518d8442cc7d35b2a623f527e4f2b4462326375a9056f3f1c3ec
q4_iterations\iter_069_mec40_rescan_gate\workspace\code,v437-mec40-rescan-gate,1005,defb8891c8a6d7555ad88929607b571f9c86d3f206545861775f1da0730d1f68,16,4,16,True,4396.27976,274.767485,3407.27976,989.0,142,130,23,21,1.9370000000017171,True,True,True,blocked_by_python_audit_hook,a56410dbdb2101e5af10affcc60fde342fc2f580bd20ed6e1c91273cd90b1c4d,a677095911df518d8442cc7d35b2a623f527e4f2b4462326375a9056f3f1c3ec
q4_iterations\iter_070_mec80_rescan_gate\workspace\code,v438-mec80-rescan-gate,1005,defb8891c8a6d7555ad88929607b571f9c86d3f206545861775f1da0730d1f68,16,4,16,True,4391.915238,274.494702375,3411.915238,980.0,139,127,26,21,2.0,True,True,True,blocked_by_python_audit_hook,a56410dbdb2101e5af10affcc60fde342fc2f580bd20ed6e1c91273cd90b1c4d,a677095911df518d8442cc7d35b2a623f527e4f2b4462326375a9056f3f1c3ec
q4_iterations\iter_066_adaptive_probe4_guard11\workspace\code,v436-adaptive-probe4-guard11,1006,66154f44c3c0713d51406e58bcb4c4b5e454de2897d535a586709912c7a54b59,14,2,14,True,3868.284165,276.3060117857143,2844.284165,1024.0,157,148,7,17,1.985000000000582,True,True,True,blocked_by_python_audit_hook,a56410dbdb2101e5af10affcc60fde342fc2f580bd20ed6e1c91273cd90b1c4d,a677095911df518d8442cc7d35b2a623f527e4f2b4462326375a9056f3f1c3ec
q4_iterations\iter_069_mec40_rescan_gate\workspace\code,v437-mec40-rescan-gate,1006,66154f44c3c0713d51406e58bcb4c4b5e454de2897d535a586709912c7a54b59,14,2,14,True,3865.306241,276.09330292857146,2844.306241,1021.0,156,147,8,17,1.985000000000582,True,True,True,blocked_by_python_audit_hook,a56410dbdb2101e5af10affcc60fde342fc2f580bd20ed6e1c91273cd90b1c4d,a677095911df518d8442cc7d35b2a623f527e4f2b4462326375a9056f3f1c3ec
q4_iterations\iter_070_mec80_rescan_gate\workspace\code,v438-mec80-rescan-gate,1006,66154f44c3c0713d51406e58bcb4c4b5e454de2897d535a586709912c7a54b59,14,2,14,True,3854.876012,275.34828657142856,2842.876012,1012.0,152,143,13,17,1.9680000000007567,True,True,True,blocked_by_python_audit_hook,a56410dbdb2101e5af10affcc60fde342fc2f580bd20ed6e1c91273cd90b1c4d,a677095911df518d8442cc7d35b2a623f527e4f2b4462326375a9056f3f1c3ec
q4_iterations\iter_066_adaptive_probe4_guard11\workspace\code,v436-adaptive-probe4-guard11,1007,2d2e44b2e0bf2c448ff932a2287183d10706c07281bfa3006644a61982a5f015,11,5,11,True,4705.495517,427.77231972727276,3101.495517,1604.0,255,244,10,19,1.8280000000013388,True,True,True,blocked_by_python_audit_hook,a56410dbdb2101e5af10affcc60fde342fc2f580bd20ed6e1c91273cd90b1c4d,a677095911df518d8442cc7d35b2a623f527e4f2b4462326375a9056f3f1c3ec
q4_iterations\iter_069_mec40_rescan_gate\workspace\code,v437-mec40-rescan-gate,1007,2d2e44b2e0bf2c448ff932a2287183d10706c07281bfa3006644a61982a5f015,11,5,11,True,4690.592182,426.41747109090915,3103.592182,1587.0,251,241,12,19,1.8439999999973224,True,True,True,blocked_by_python_audit_hook,a56410dbdb2101e5af10affcc60fde342fc2f580bd20ed6e1c91273cd90b1c4d,a677095911df518d8442cc7d35b2a623f527e4f2b4462326375a9056f3f1c3ec
q4_iterations\iter_070_mec80_rescan_gate\workspace\code,v438-mec80-rescan-gate,1007,2d2e44b2e0bf2c448ff932a2287183d10706c07281bfa3006644a61982a5f015,11,5,11,True,4686.159502,426.0145001818182,3110.159502,1576.0,249,240,12,19,1.8909999999996217,True,True,True,blocked_by_python_audit_hook,a56410dbdb2101e5af10affcc60fde342fc2f580bd20ed6e1c91273cd90b1c4d,a677095911df518d8442cc7d35b2a623f527e4f2b4462326375a9056f3f1c3ec
q4_iterations\iter_066_adaptive_probe4_guard11\workspace\code,v436-adaptive-probe4-guard11,1008,bc93e96d36c23696b2d00ad01f727f2108a19c1735505225fd0564c5933d191d,14,6,14,True,4912.546338,350.896167,3719.546338,1193.0,182,174,13,18,1.5320000000028813,True,True,True,blocked_by_python_audit_hook,a56410dbdb2101e5af10affcc60fde342fc2f580bd20ed6e1c91273cd90b1c4d,a677095911df518d8442cc7d35b2a623f527e4f2b4462326375a9056f3f1c3ec
q4_iterations\iter_069_mec40_rescan_gate\workspace\code,v437-mec40-rescan-gate,1008,bc93e96d36c23696b2d00ad01f727f2108a19c1735505225fd0564c5933d191d,14,6,14,True,4903.05574,350.21826714285714,3719.05574,1184.0,181,173,12,18,1.5310000000026776,True,True,True,blocked_by_python_audit_hook,a56410dbdb2101e5af10affcc60fde342fc2f580bd20ed6e1c91273cd90b1c4d,a677095911df518d8442cc7d35b2a623f527e4f2b4462326375a9056f3f1c3ec
q4_iterations\iter_070_mec80_rescan_gate\workspace\code,v438-mec80-rescan-gate,1008,bc93e96d36c23696b2d00ad01f727f2108a19c1735505225fd0564c5933d191d,14,6,14,True,4513.124371,322.3660265,3301.124371,1212.0,182,172,20,18,1.6089999999967404,True,True,True,blocked_by_python_audit_hook,a56410dbdb2101e5af10affcc60fde342fc2f580bd20ed6e1c91273cd90b1c4d,a677095911df518d8442cc7d35b2a623f527e4f2b4462326375a9056f3f1c3ec
q4_iterations\iter_066_adaptive_probe4_guard11\workspace\code,v436-adaptive-probe4-guard11,1010,2ce3bbb987e9724b3248d9c85a1f2dee1b7bd9beb32c85a1df68d7a521956dfb,15,12,15,True,5770.463754,384.69758360000003,4425.463754,1345.0,178,164,72,19,1.7969999999986612,True,True,True,blocked_by_python_audit_hook,a56410dbdb2101e5af10affcc60fde342fc2f580bd20ed6e1c91273cd90b1c4d,a677095911df518d8442cc7d35b2a623f527e4f2b4462326375a9056f3f1c3ec
q4_iterations\iter_069_mec40_rescan_gate\workspace\code,v437-mec40-rescan-gate,1010,2ce3bbb987e9724b3248d9c85a1f2dee1b7bd9beb32c85a1df68d7a521956dfb,15,12,15,True,5674.942227,378.3294818,4392.942227,1282.0,168,151,72,19,1.7969999999986612,True,True,True,blocked_by_python_audit_hook,a56410dbdb2101e5af10affcc60fde342fc2f580bd20ed6e1c91273cd90b1c4d,a677095911df518d8442cc7d35b2a623f527e4f2b4462326375a9056f3f1c3ec
q4_iterations\iter_070_mec80_rescan_gate\workspace\code,v438-mec80-rescan-gate,1010,2ce3bbb987e9724b3248d9c85a1f2dee1b7bd9beb32c85a1df68d7a521956dfb,15,12,15,True,5669.942227,377.9961484666666,4392.942227,1277.0,167,151,72,19,1.7970000000022992,True,True,True,blocked_by_python_audit_hook,a56410dbdb2101e5af10affcc60fde342fc2f580bd20ed6e1c91273cd90b1c4d,a677095911df518d8442cc7d35b2a623f527e4f2b4462326375a9056f3f1c3ec
q4_iterations\iter_066_adaptive_probe4_guard11\workspace\code,v436-adaptive-probe4-guard11,1011,49742deb7653f3a7174dcdb63a4503dba00f30f472b62c864247e469aaaae0d5,14,11,14,True,5457.019515,389.7871082142857,3944.019515,1513.0,224,212,37,21,1.7659999999996217,True,True,True,blocked_by_python_audit_hook,a56410dbdb2101e5af10affcc60fde342fc2f580bd20ed6e1c91273cd90b1c4d,a677095911df518d8442cc7d35b2a623f527e4f2b4462326375a9056f3f1c3ec
q4_iterations\iter_069_mec40_rescan_gate\workspace\code,v437-mec40-rescan-gate,1011,49742deb7653f3a7174dcdb63a4503dba00f30f472b62c864247e469aaaae0d5,14,11,14,True,5537.501215,395.5358010714286,4020.501215,1517.0,217,203,53,21,1.6560000000026776,True,True,True,blocked_by_python_audit_hook,a56410dbdb2101e5af10affcc60fde342fc2f580bd20ed6e1c91273cd90b1c4d,a677095911df518d8442cc7d35b2a623f527e4f2b4462326375a9056f3f1c3ec
q4_iterations\iter_070_mec80_rescan_gate\workspace\code,v438-mec80-rescan-gate,1011,49742deb7653f3a7174dcdb63a4503dba00f30f472b62c864247e469aaaae0d5,14,11,14,True,5519.67148,394.2622485714286,4020.67148,1499.0,214,200,53,21,1.8430000000007567,True,True,True,blocked_by_python_audit_hook,a56410dbdb2101e5af10affcc60fde342fc2f580bd20ed6e1c91273cd90b1c4d,a677095911df518d8442cc7d35b2a623f527e4f2b4462326375a9056f3f1c3ec
q4_iterations\iter_066_adaptive_probe4_guard11\workspace\code,v436-adaptive-probe4-guard11,1013,29de345465a1d88de74628fc8fbdcdd34033542543354644a030de902436c522,12,10,10,False,4876.044399,487.60443990000005,3273.044399,1603.0,245,229,33,19,1.7190000000009604,True,True,True,blocked_by_python_audit_hook,a56410dbdb2101e5af10affcc60fde342fc2f580bd20ed6e1c91273cd90b1c4d,a677095911df518d8442cc7d35b2a623f527e4f2b4462326375a9056f3f1c3ec
q4_iterations\iter_069_mec40_rescan_gate\workspace\code,v437-mec40-rescan-gate,1013,29de345465a1d88de74628fc8fbdcdd34033542543354644a030de902436c522,12,10,10,False,4869.044399,486.90443990000006,3273.044399,1596.0,244,227,33,19,1.7190000000009604,True,True,True,blocked_by_python_audit_hook,a56410dbdb2101e5af10affcc60fde342fc2f580bd20ed6e1c91273cd90b1c4d,a677095911df518d8442cc7d35b2a623f527e4f2b4462326375a9056f3f1c3ec
q4_iterations\iter_070_mec80_rescan_gate\workspace\code,v438-mec80-rescan-gate,1013,29de345465a1d88de74628fc8fbdcdd34033542543354644a030de902436c522,12,10,10,False,4858.942981,485.8942981,3272.942981,1586.0,242,227,33,19,1.7970000000022992,True,True,True,blocked_by_python_audit_hook,a56410dbdb2101e5af10affcc60fde342fc2f580bd20ed6e1c91273cd90b1c4d,a677095911df518d8442cc7d35b2a623f527e4f2b4462326375a9056f3f1c3ec
q4_iterations\iter_066_adaptive_probe4_guard11\workspace\code,v436-adaptive-probe4-guard11,1014,628ef7416312911dbe93b087e1fa8353bf6cbf205a0a9ecfd806598ed41eb99b,13,3,13,True,4455.766899,342.75129992307694,3200.766899,1255.0,191,181,18,17,1.8440000000009604,True,True,True,blocked_by_python_audit_hook,a56410dbdb2101e5af10affcc60fde342fc2f580bd20ed6e1c91273cd90b1c4d,a677095911df518d8442cc7d35b2a623f527e4f2b4462326375a9056f3f1c3ec
q4_iterations\iter_069_mec40_rescan_gate\workspace\code,v437-mec40-rescan-gate,1014,628ef7416312911dbe93b087e1fa8353bf6cbf205a0a9ecfd806598ed41eb99b,13,3,13,True,4403.844277,338.75725207692307,3196.844277,1207.0,183,170,19,17,1.8440000000009604,True,True,True,blocked_by_python_audit_hook,a56410dbdb2101e5af10affcc60fde342fc2f580bd20ed6e1c91273cd90b1c4d,a677095911df518d8442cc7d35b2a623f527e4f2b4462326375a9056f3f1c3ec
q4_iterations\iter_070_mec80_rescan_gate\workspace\code,v438-mec80-rescan-gate,1014,628ef7416312911dbe93b087e1fa8353bf6cbf205a0a9ecfd806598ed41eb99b,13,3,13,True,4403.844277,338.75725207692307,3196.844277,1207.0,183,170,19,17,1.875,True,True,True,blocked_by_python_audit_hook,a56410dbdb2101e5af10affcc60fde342fc2f580bd20ed6e1c91273cd90b1c4d,a677095911df518d8442cc7d35b2a623f527e4f2b4462326375a9056f3f1c3ec
q4_iterations\iter_066_adaptive_probe4_guard11\workspace\code,v436-adaptive-probe4-guard11,1015,d1030316333d920720281adeebd8b8ddbbdfc6258aa90566873435f631d1aa83,11,6,10,False,5228.608392,522.8608392,3677.608392,1551.0,246,232,13,18,1.75,True,True,True,blocked_by_python_audit_hook,a56410dbdb2101e5af10affcc60fde342fc2f580bd20ed6e1c91273cd90b1c4d,a677095911df518d8442cc7d35b2a623f527e4f2b4462326375a9056f3f1c3ec
q4_iterations\iter_069_mec40_rescan_gate\workspace\code,v437-mec40-rescan-gate,1015,d1030316333d920720281adeebd8b8ddbbdfc6258aa90566873435f631d1aa83,11,6,10,False,5193.323922,519.3323922,3677.323922,1516.0,240,227,13,18,1.7659999999996217,True,True,True,blocked_by_python_audit_hook,a56410dbdb2101e5af10affcc60fde342fc2f580bd20ed6e1c91273cd90b1c4d,a677095911df518d8442cc7d35b2a623f527e4f2b4462326375a9056f3f1c3ec
q4_iterations\iter_070_mec80_rescan_gate\workspace\code,v438-mec80-rescan-gate,1015,d1030316333d920720281adeebd8b8ddbbdfc6258aa90566873435f631d1aa83,11,6,10,False,5175.323922,517.5323922,3677.323922,1498.0,237,224,13,18,1.735000000000582,True,True,True,blocked_by_python_audit_hook,a56410dbdb2101e5af10affcc60fde342fc2f580bd20ed6e1c91273cd90b1c4d,a677095911df518d8442cc7d35b2a623f527e4f2b4462326375a9056f3f1c3ec
q4_iterations\iter_066_adaptive_probe4_guard11\workspace\code,v436-adaptive-probe4-guard11,1017,68373498fa152d2d4a911e80f82c369b29c88c1239554ec578bd780cfe3b3c89,11,1,11,True,5323.065277,483.9150251818182,3868.065277,1455.0,224,214,22,19,1.6560000000026776,True,True,True,blocked_by_python_audit_hook,a56410dbdb2101e5af10affcc60fde342fc2f580bd20ed6e1c91273cd90b1c4d,a677095911df518d8442cc7d35b2a623f527e4f2b4462326375a9056f3f1c3ec
q4_iterations\iter_069_mec40_rescan_gate\workspace\code,v437-mec40-rescan-gate,1017,68373498fa152d2d4a911e80f82c369b29c88c1239554ec578bd780cfe3b3c89,11,1,11,True,5248.585711,477.1441555454545,3828.585711,1420.0,218,206,23,19,1.875,True,True,True,blocked_by_python_audit_hook,a56410dbdb2101e5af10affcc60fde342fc2f580bd20ed6e1c91273cd90b1c4d,a677095911df518d8442cc7d35b2a623f527e4f2b4462326375a9056f3f1c3ec
q4_iterations\iter_070_mec80_rescan_gate\workspace\code,v438-mec80-rescan-gate,1017,68373498fa152d2d4a911e80f82c369b29c88c1239554ec578bd780cfe3b3c89,11,1,11,True,5237.2201,476.11091818181814,3828.2201,1409.0,216,202,24,19,1.8279999999977008,True,True,True,blocked_by_python_audit_hook,a56410dbdb2101e5af10affcc60fde342fc2f580bd20ed6e1c91273cd90b1c4d,a677095911df518d8442cc7d35b2a623f527e4f2b4462326375a9056f3f1c3ec
q4_iterations\iter_066_adaptive_probe4_guard11\workspace\code,v436-adaptive-probe4-guard11,1022,a791a5a33c7de217b380dea8f41ce919c14da8e184be9847661a5f15635ac902,12,7,12,True,4510.616794,375.8847328333333,2949.616794,1561.0,239,225,27,21,1.764999999999418,True,True,True,blocked_by_python_audit_hook,a56410dbdb2101e5af10affcc60fde342fc2f580bd20ed6e1c91273cd90b1c4d,a677095911df518d8442cc7d35b2a623f527e4f2b4462326375a9056f3f1c3ec
q4_iterations\iter_069_mec40_rescan_gate\workspace\code,v437-mec40-rescan-gate,1022,a791a5a33c7de217b380dea8f41ce919c14da8e184be9847661a5f15635ac902,12,7,12,True,4510.616794,375.8847328333333,2949.616794,1561.0,239,225,27,21,1.7810000000026776,True,True,True,blocked_by_python_audit_hook,a56410dbdb2101e5af10affcc60fde342fc2f580bd20ed6e1c91273cd90b1c4d,a677095911df518d8442cc7d35b2a623f527e4f2b4462326375a9056f3f1c3ec
q4_iterations\iter_070_mec80_rescan_gate\workspace\code,v438-mec80-rescan-gate,1022,a791a5a33c7de217b380dea8f41ce919c14da8e184be9847661a5f15635ac902,12,7,12,True,4487.934716,373.99455966666665,2961.934716,1526.0,232,219,29,21,1.7969999999986612,True,True,True,blocked_by_python_audit_hook,a56410dbdb2101e5af10affcc60fde342fc2f580bd20ed6e1c91273cd90b1c4d,a677095911df518d8442cc7d35b2a623f527e4f2b4462326375a9056f3f1c3ec
q4_iterations\iter_066_adaptive_probe4_guard11\workspace\code,v436-adaptive-probe4-guard11,1023,ef42f860fa498e72aa0cc83fbd8881a2fe359a4ca4875fab5b9b2f8612b1a68e,14,8,14,True,5415.51473,386.8224807142857,3923.51473,1492.0,228,213,23,20,1.8120000000017171,True,True,True,blocked_by_python_audit_hook,a56410dbdb2101e5af10affcc60fde342fc2f580bd20ed6e1c91273cd90b1c4d,a677095911df518d8442cc7d35b2a623f527e4f2b4462326375a9056f3f1c3ec
q4_iterations\iter_069_mec40_rescan_gate\workspace\code,v437-mec40-rescan-gate,1023,ef42f860fa498e72aa0cc83fbd8881a2fe359a4ca4875fab5b9b2f8612b1a68e,14,8,14,True,5404.51473,386.0367664285714,3923.51473,1481.0,226,212,23,20,1.8120000000017171,True,True,True,blocked_by_python_audit_hook,a56410dbdb2101e5af10affcc60fde342fc2f580bd20ed6e1c91273cd90b1c4d,a677095911df518d8442cc7d35b2a623f527e4f2b4462326375a9056f3f1c3ec
q4_iterations\iter_070_mec80_rescan_gate\workspace\code,v438-mec80-rescan-gate,1023,ef42f860fa498e72aa0cc83fbd8881a2fe359a4ca4875fab5b9b2f8612b1a68e,14,8,14,True,5399.257797,385.6612712142857,3924.257797,1475.0,225,211,23,20,1.7810000000026776,True,True,True,blocked_by_python_audit_hook,a56410dbdb2101e5af10affcc60fde342fc2f580bd20ed6e1c91273cd90b1c4d,a677095911df518d8442cc7d35b2a623f527e4f2b4462326375a9056f3f1c3ec
q4_iterations\iter_066_adaptive_probe4_guard11\workspace\code,v436-adaptive-probe4-guard11,1024,d0f2cabe551457a8eef53042f6199c012fc1a16aecb484ba80983fe9c55b28fa,10,8,10,True,4985.136077,498.5136077,3354.136077,1631.0,257,245,17,17,1.625,True,True,True,blocked_by_python_audit_hook,a56410dbdb2101e5af10affcc60fde342fc2f580bd20ed6e1c91273cd90b1c4d,a677095911df518d8442cc7d35b2a623f527e4f2b4462326375a9056f3f1c3ec
q4_iterations\iter_069_mec40_rescan_gate\workspace\code,v437-mec40-rescan-gate,1024,d0f2cabe551457a8eef53042f6199c012fc1a16aecb484ba80983fe9c55b28fa,10,8,10,True,4968.707571,496.8707571,3353.707571,1615.0,254,244,17,17,1.6090000000003783,True,True,True,blocked_by_python_audit_hook,a56410dbdb2101e5af10affcc60fde342fc2f580bd20ed6e1c91273cd90b1c4d,a677095911df518d8442cc7d35b2a623f527e4f2b4462326375a9056f3f1c3ec
q4_iterations\iter_070_mec80_rescan_gate\workspace\code,v438-mec80-rescan-gate,1024,d0f2cabe551457a8eef53042f6199c012fc1a16aecb484ba80983fe9c55b28fa,10,8,10,True,4968.707571,496.8707571,3353.707571,1615.0,254,244,17,17,1.5780000000013388,True,True,True,blocked_by_python_audit_hook,a56410dbdb2101e5af10affcc60fde342fc2f580bd20ed6e1c91273cd90b1c4d,a677095911df518d8442cc7d35b2a623f527e4f2b4462326375a9056f3f1c3ec
q4_iterations\iter_066_adaptive_probe4_guard11\workspace\code,v436-adaptive-probe4-guard11,50001,ca54ff143d42c25fcef31d3ac9f922096d5344ede1c08b13f90c6f6a735c6683,15,8,13,False,4936.194947,379.7073036153846,3626.194947,1310.0,199,190,20,19,1.7340000000003783,True,True,True,blocked_by_python_audit_hook,a56410dbdb2101e5af10affcc60fde342fc2f580bd20ed6e1c91273cd90b1c4d,a677095911df518d8442cc7d35b2a623f527e4f2b4462326375a9056f3f1c3ec
q4_iterations\iter_069_mec40_rescan_gate\workspace\code,v437-mec40-rescan-gate,50001,ca54ff143d42c25fcef31d3ac9f922096d5344ede1c08b13f90c6f6a735c6683,15,8,13,False,4924.497361,378.80748930769226,3626.497361,1298.0,197,188,20,19,1.6869999999980791,True,True,True,blocked_by_python_audit_hook,a56410dbdb2101e5af10affcc60fde342fc2f580bd20ed6e1c91273cd90b1c4d,a677095911df518d8442cc7d35b2a623f527e4f2b4462326375a9056f3f1c3ec
q4_iterations\iter_070_mec80_rescan_gate\workspace\code,v438-mec80-rescan-gate,50001,ca54ff143d42c25fcef31d3ac9f922096d5344ede1c08b13f90c6f6a735c6683,15,8,13,False,4924.497361,378.80748930769226,3626.497361,1298.0,197,188,20,19,1.5619999999980791,True,True,True,blocked_by_python_audit_hook,a56410dbdb2101e5af10affcc60fde342fc2f580bd20ed6e1c91273cd90b1c4d,a677095911df518d8442cc7d35b2a623f527e4f2b4462326375a9056f3f1c3ec
q4_iterations\iter_066_adaptive_probe4_guard11\workspace\code,v436-adaptive-probe4-guard11,50006,d40d6cf939b13cef80b78559c8560ac4e323ee12e868ffa1fda6564dd06159d4,15,2,15,True,4170.880303,278.0586868666667,3260.880303,910.0,138,130,5,18,1.6559999999990396,True,True,True,blocked_by_python_audit_hook,a56410dbdb2101e5af10affcc60fde342fc2f580bd20ed6e1c91273cd90b1c4d,a677095911df518d8442cc7d35b2a623f527e4f2b4462326375a9056f3f1c3ec
q4_iterations\iter_069_mec40_rescan_gate\workspace\code,v437-mec40-rescan-gate,50006,d40d6cf939b13cef80b78559c8560ac4e323ee12e868ffa1fda6564dd06159d4,15,2,15,True,4161.972049,277.46480326666665,3266.972049,895.0,135,124,7,18,1.7190000000009604,True,True,True,blocked_by_python_audit_hook,a56410dbdb2101e5af10affcc60fde342fc2f580bd20ed6e1c91273cd90b1c4d,a677095911df518d8442cc7d35b2a623f527e4f2b4462326375a9056f3f1c3ec
q4_iterations\iter_070_mec80_rescan_gate\workspace\code,v438-mec80-rescan-gate,50006,d40d6cf939b13cef80b78559c8560ac4e323ee12e868ffa1fda6564dd06159d4,15,2,15,True,4154.692469,276.97949793333333,3268.692469,886.0,133,122,8,18,1.75,True,True,True,blocked_by_python_audit_hook,a56410dbdb2101e5af10affcc60fde342fc2f580bd20ed6e1c91273cd90b1c4d,a677095911df518d8442cc7d35b2a623f527e4f2b4462326375a9056f3f1c3ec
q4_iterations\iter_066_adaptive_probe4_guard11\workspace\code,v436-adaptive-probe4-guard11,50010,585ae0f7a1c8e69f7388275f6016d631511cb99bb4a1b5779b2e17f4dbac6a73,15,9,13,False,4498.395377,346.0304136153846,3106.395377,1392.0,208,200,29,19,1.7029999999977008,True,True,True,blocked_by_python_audit_hook,a56410dbdb2101e5af10affcc60fde342fc2f580bd20ed6e1c91273cd90b1c4d,a677095911df518d8442cc7d35b2a623f527e4f2b4462326375a9056f3f1c3ec
q4_iterations\iter_069_mec40_rescan_gate\workspace\code,v437-mec40-rescan-gate,50010,585ae0f7a1c8e69f7388275f6016d631511cb99bb4a1b5779b2e17f4dbac6a73,15,9,13,False,4658.846613,358.37281638461536,3320.846613,1338.0,198,184,33,19,1.7340000000003783,True,True,True,blocked_by_python_audit_hook,a56410dbdb2101e5af10affcc60fde342fc2f580bd20ed6e1c91273cd90b1c4d,a677095911df518d8442cc7d35b2a623f527e4f2b4462326375a9056f3f1c3ec
q4_iterations\iter_070_mec80_rescan_gate\workspace\code,v438-mec80-rescan-gate,50010,585ae0f7a1c8e69f7388275f6016d631511cb99bb4a1b5779b2e17f4dbac6a73,15,9,14,False,5109.096741,364.93548150000004,3802.096741,1307.0,198,187,20,19,1.7339999999967404,True,True,True,blocked_by_python_audit_hook,a56410dbdb2101e5af10affcc60fde342fc2f580bd20ed6e1c91273cd90b1c4d,a677095911df518d8442cc7d35b2a623f527e4f2b4462326375a9056f3f1c3ec
q4_iterations\iter_066_adaptive_probe4_guard11\workspace\code,v436-adaptive-probe4-guard11,50020,f23ec87f788c3bc386e99048c56b9fa9a36e8a0557d9343d2ce427ebfed41aa1,16,1,15,False,3863.890934,257.5927289333333,2967.890934,896.0,128,121,20,17,1.9529999999977008,True,True,True,blocked_by_python_audit_hook,a56410dbdb2101e5af10affcc60fde342fc2f580bd20ed6e1c91273cd90b1c4d,a677095911df518d8442cc7d35b2a623f527e4f2b4462326375a9056f3f1c3ec
q4_iterations\iter_069_mec40_rescan_gate\workspace\code,v437-mec40-rescan-gate,50020,f23ec87f788c3bc386e99048c56b9fa9a36e8a0557d9343d2ce427ebfed41aa1,16,1,15,False,3859.120509,257.2747006,2973.120509,886.0,126,118,21,17,2.1090000000003783,True,True,True,blocked_by_python_audit_hook,a56410dbdb2101e5af10affcc60fde342fc2f580bd20ed6e1c91273cd90b1c4d,a677095911df518d8442cc7d35b2a623f527e4f2b4462326375a9056f3f1c3ec
q4_iterations\iter_070_mec80_rescan_gate\workspace\code,v438-mec80-rescan-gate,50020,f23ec87f788c3bc386e99048c56b9fa9a36e8a0557d9343d2ce427ebfed41aa1,16,1,15,False,3887.360918,259.15739453333333,3006.360918,881.0,122,112,28,17,2.187000000001717,True,True,True,blocked_by_python_audit_hook,a56410dbdb2101e5af10affcc60fde342fc2f580bd20ed6e1c91273cd90b1c4d,a677095911df518d8442cc7d35b2a623f527e4f2b4462326375a9056f3f1c3ec
q4_iterations\iter_066_adaptive_probe4_guard11\workspace\code,v436-adaptive-probe4-guard11,50025,98b247c445be3fa6ddb86b239a91e3bf6ab641395b3106cb41c96b337bb25b7b,16,16,15,False,4748.879979,316.5919986,3620.879979,1128.0,164,155,26,19,2.0469999999986612,True,True,True,blocked_by_python_audit_hook,a56410dbdb2101e5af10affcc60fde342fc2f580bd20ed6e1c91273cd90b1c4d,a677095911df518d8442cc7d35b2a623f527e4f2b4462326375a9056f3f1c3ec
q4_iterations\iter_069_mec40_rescan_gate\workspace\code,v437-mec40-rescan-gate,50025,98b247c445be3fa6ddb86b239a91e3bf6ab641395b3106cb41c96b337bb25b7b,16,16,15,False,4734.879979,315.6586652666667,3620.879979,1114.0,162,151,26,19,2.125,True,True,True,blocked_by_python_audit_hook,a56410dbdb2101e5af10affcc60fde342fc2f580bd20ed6e1c91273cd90b1c4d,a677095911df518d8442cc7d35b2a623f527e4f2b4462326375a9056f3f1c3ec
q4_iterations\iter_070_mec80_rescan_gate\workspace\code,v438-mec80-rescan-gate,50025,98b247c445be3fa6ddb86b239a91e3bf6ab641395b3106cb41c96b337bb25b7b,16,16,15,False,4686.879979,312.4586652666667,3620.879979,1066.0,154,143,26,19,2.1090000000003783,True,True,True,blocked_by_python_audit_hook,a56410dbdb2101e5af10affcc60fde342fc2f580bd20ed6e1c91273cd90b1c4d,a677095911df518d8442cc7d35b2a623f527e4f2b4462326375a9056f3f1c3ec
q4_iterations\iter_066_adaptive_probe4_guard11\workspace\code,v436-adaptive-probe4-guard11,50042,12e8d58ab467701b0c3ef30bd7ddd403ab07c20243660b3bca0c8bc3caff1a65,13,9,13,True,5106.381688,392.7985913846154,3805.381688,1301.0,192,180,32,18,1.75,True,True,True,blocked_by_python_audit_hook,a56410dbdb2101e5af10affcc60fde342fc2f580bd20ed6e1c91273cd90b1c4d,a677095911df518d8442cc7d35b2a623f527e4f2b4462326375a9056f3f1c3ec
q4_iterations\iter_069_mec40_rescan_gate\workspace\code,v437-mec40-rescan-gate,50042,12e8d58ab467701b0c3ef30bd7ddd403ab07c20243660b3bca0c8bc3caff1a65,13,9,13,True,5098.596659,392.199743,3804.596659,1294.0,190,180,33,18,1.7339999999967404,True,True,True,blocked_by_python_audit_hook,a56410dbdb2101e5af10affcc60fde342fc2f580bd20ed6e1c91273cd90b1c4d,a677095911df518d8442cc7d35b2a623f527e4f2b4462326375a9056f3f1c3ec
q4_iterations\iter_070_mec80_rescan_gate\workspace\code,v438-mec80-rescan-gate,50042,12e8d58ab467701b0c3ef30bd7ddd403ab07c20243660b3bca0c8bc3caff1a65,13,9,13,True,5075.787323,390.44517869230765,3795.787323,1280.0,188,176,33,18,1.75,True,True,True,blocked_by_python_audit_hook,a56410dbdb2101e5af10affcc60fde342fc2f580bd20ed6e1c91273cd90b1c4d,a677095911df518d8442cc7d35b2a623f527e4f2b4462326375a9056f3f1c3ec
q4_iterations\iter_066_adaptive_probe4_guard11\workspace\code,v436-adaptive-probe4-guard11,50044,ce9d7a9450c2a09fb8d6a7976e33745b77dc514dbc2d802212baa52467126c2c,11,11,9,False,4990.533495,554.5037216666666,3128.533495,1862.0,286,270,39,18,1.6409999999996217,True,True,True,blocked_by_python_audit_hook,a56410dbdb2101e5af10affcc60fde342fc2f580bd20ed6e1c91273cd90b1c4d,a677095911df518d8442cc7d35b2a623f527e4f2b4462326375a9056f3f1c3ec
q4_iterations\iter_069_mec40_rescan_gate\workspace\code,v437-mec40-rescan-gate,50044,ce9d7a9450c2a09fb8d6a7976e33745b77dc514dbc2d802212baa52467126c2c,11,11,9,False,4943.720594,549.3022882222223,3128.720594,1815.0,278,263,39,18,1.5940000000009604,True,True,True,blocked_by_python_audit_hook,a56410dbdb2101e5af10affcc60fde342fc2f580bd20ed6e1c91273cd90b1c4d,a677095911df518d8442cc7d35b2a623f527e4f2b4462326375a9056f3f1c3ec
q4_iterations\iter_070_mec80_rescan_gate\workspace\code,v438-mec80-rescan-gate,50044,ce9d7a9450c2a09fb8d6a7976e33745b77dc514dbc2d802212baa52467126c2c,11,11,9,False,4906.167715,545.1297461111111,3140.167715,1766.0,277,261,25,18,1.610000000000582,True,True,True,blocked_by_python_audit_hook,a56410dbdb2101e5af10affcc60fde342fc2f580bd20ed6e1c91273cd90b1c4d,a677095911df518d8442cc7d35b2a623f527e4f2b4462326375a9056f3f1c3ec
q4_iterations\iter_066_adaptive_probe4_guard11\workspace\code,v436-adaptive-probe4-guard11,50051,ce1fffbb2d5140f4c7d80497d707a5500b1758b02393e00b65fb84483ce7abdb,16,10,16,True,4979.300616,311.2062885,3694.300616,1285.0,193,180,20,19,1.5,True,True,True,blocked_by_python_audit_hook,a56410dbdb2101e5af10affcc60fde342fc2f580bd20ed6e1c91273cd90b1c4d,a677095911df518d8442cc7d35b2a623f527e4f2b4462326375a9056f3f1c3ec
q4_iterations\iter_069_mec40_rescan_gate\workspace\code,v437-mec40-rescan-gate,50051,ce1fffbb2d5140f4c7d80497d707a5500b1758b02393e00b65fb84483ce7abdb,16,10,16,True,4960.858784,310.053674,3691.858784,1269.0,190,179,20,19,1.5,True,True,True,blocked_by_python_audit_hook,a56410dbdb2101e5af10affcc60fde342fc2f580bd20ed6e1c91273cd90b1c4d,a677095911df518d8442cc7d35b2a623f527e4f2b4462326375a9056f3f1c3ec
q4_iterations\iter_070_mec80_rescan_gate\workspace\code,v438-mec80-rescan-gate,50051,ce1fffbb2d5140f4c7d80497d707a5500b1758b02393e00b65fb84483ce7abdb,16,10,16,True,5216.796863,326.0498039375,3894.796863,1322.0,191,179,36,19,1.514999999999418,True,True,True,blocked_by_python_audit_hook,a56410dbdb2101e5af10affcc60fde342fc2f580bd20ed6e1c91273cd90b1c4d,a677095911df518d8442cc7d35b2a623f527e4f2b4462326375a9056f3f1c3ec
q4_iterations\iter_066_adaptive_probe4_guard11\workspace\code,v436-adaptive-probe4-guard11,50053,bd258d4734918bdc0ffeb1e909d5407c6b01af6fdc604dc877493b6efa75e7d9,13,11,11,False,5285.54918,480.5044709090909,3546.54918,1739.0,264,253,37,19,1.6719999999986612,True,True,True,blocked_by_python_audit_hook,a56410dbdb2101e5af10affcc60fde342fc2f580bd20ed6e1c91273cd90b1c4d,a677095911df518d8442cc7d35b2a623f527e4f2b4462326375a9056f3f1c3ec
q4_iterations\iter_069_mec40_rescan_gate\workspace\code,v437-mec40-rescan-gate,50053,bd258d4734918bdc0ffeb1e909d5407c6b01af6fdc604dc877493b6efa75e7d9,13,11,11,False,5278.54918,479.8681072727273,3546.54918,1732.0,263,251,37,19,1.7030000000013388,True,True,True,blocked_by_python_audit_hook,a56410dbdb2101e5af10affcc60fde342fc2f580bd20ed6e1c91273cd90b1c4d,a677095911df518d8442cc7d35b2a623f527e4f2b4462326375a9056f3f1c3ec
q4_iterations\iter_070_mec80_rescan_gate\workspace\code,v438-mec80-rescan-gate,50053,bd258d4734918bdc0ffeb1e909d5407c6b01af6fdc604dc877493b6efa75e7d9,13,11,11,False,5268.081066,478.9164605454545,3559.081066,1709.0,258,244,40,19,1.6560000000026776,True,True,True,blocked_by_python_audit_hook,a56410dbdb2101e5af10affcc60fde342fc2f580bd20ed6e1c91273cd90b1c4d,a677095911df518d8442cc7d35b2a623f527e4f2b4462326375a9056f3f1c3ec
q4_iterations\iter_066_adaptive_probe4_guard11\workspace\code,v436-adaptive-probe4-guard11,50054,46a000bf7191f578885ebe1ff34cf4d9ccda9267be0462f0845092d5d18eda5e,12,10,12,True,5929.768579,494.1473815833333,4539.768579,1390.0,193,182,61,15,1.5940000000009604,True,True,True,blocked_by_python_audit_hook,a56410dbdb2101e5af10affcc60fde342fc2f580bd20ed6e1c91273cd90b1c4d,a677095911df518d8442cc7d35b2a623f527e4f2b4462326375a9056f3f1c3ec
q4_iterations\iter_069_mec40_rescan_gate\workspace\code,v437-mec40-rescan-gate,50054,46a000bf7191f578885ebe1ff34cf4d9ccda9267be0462f0845092d5d18eda5e,12,10,12,True,5908.542127,492.3785105833333,4545.542127,1363.0,188,177,62,15,1.6869999999980791,True,True,True,blocked_by_python_audit_hook,a56410dbdb2101e5af10affcc60fde342fc2f580bd20ed6e1c91273cd90b1c4d,a677095911df518d8442cc7d35b2a623f527e4f2b4462326375a9056f3f1c3ec
q4_iterations\iter_070_mec80_rescan_gate\workspace\code,v438-mec80-rescan-gate,50054,46a000bf7191f578885ebe1ff34cf4d9ccda9267be0462f0845092d5d18eda5e,12,10,12,True,5892.573541,491.0477950833333,4544.573541,1348.0,186,175,61,15,1.7190000000009604,True,True,True,blocked_by_python_audit_hook,a56410dbdb2101e5af10affcc60fde342fc2f580bd20ed6e1c91273cd90b1c4d,a677095911df518d8442cc7d35b2a623f527e4f2b4462326375a9056f3f1c3ec
q4_iterations\iter_066_adaptive_probe4_guard11\workspace\code,v436-adaptive-probe4-guard11,50057,639cc3122646dfd3067e16785acb0808d0212a8cb7349977e13493ab759ee92e,16,9,16,True,5074.995862,317.187241375,3834.995862,1240.0,177,161,38,19,1.625,True,True,True,blocked_by_python_audit_hook,a56410dbdb2101e5af10affcc60fde342fc2f580bd20ed6e1c91273cd90b1c4d,a677095911df518d8442cc7d35b2a623f527e4f2b4462326375a9056f3f1c3ec
q4_iterations\iter_069_mec40_rescan_gate\workspace\code,v437-mec40-rescan-gate,50057,639cc3122646dfd3067e16785acb0808d0212a8cb7349977e13493ab759ee92e,16,9,16,True,5062.750425,316.4219015625,3836.750425,1226.0,174,159,39,19,1.6409999999996217,True,True,True,blocked_by_python_audit_hook,a56410dbdb2101e5af10affcc60fde342fc2f580bd20ed6e1c91273cd90b1c4d,a677095911df518d8442cc7d35b2a623f527e4f2b4462326375a9056f3f1c3ec
q4_iterations\iter_070_mec80_rescan_gate\workspace\code,v438-mec80-rescan-gate,50057,639cc3122646dfd3067e16785acb0808d0212a8cb7349977e13493ab759ee92e,16,9,16,True,5052.85181,315.803238125,3836.85181,1216.0,172,156,40,19,1.6570000000028813,True,True,True,blocked_by_python_audit_hook,a56410dbdb2101e5af10affcc60fde342fc2f580bd20ed6e1c91273cd90b1c4d,a677095911df518d8442cc7d35b2a623f527e4f2b4462326375a9056f3f1c3ec
q4_iterations\iter_066_adaptive_probe4_guard11\workspace\code,v436-adaptive-probe4-guard11,50074,b6724bf5014b4e8622801744a85cae55ca19a0052f48d7d198eabc378c855a5f,16,10,16,True,5275.026471,329.6891544375,3919.026471,1356.0,195,181,40,21,1.8280000000013388,True,True,True,blocked_by_python_audit_hook,a56410dbdb2101e5af10affcc60fde342fc2f580bd20ed6e1c91273cd90b1c4d,a677095911df518d8442cc7d35b2a623f527e4f2b4462326375a9056f3f1c3ec
q4_iterations\iter_069_mec40_rescan_gate\workspace\code,v437-mec40-rescan-gate,50074,b6724bf5014b4e8622801744a85cae55ca19a0052f48d7d198eabc378c855a5f,16,10,16,True,5242.834813,327.6771758125,3919.834813,1323.0,190,176,39,21,1.6409999999996217,True,True,True,blocked_by_python_audit_hook,a56410dbdb2101e5af10affcc60fde342fc2f580bd20ed6e1c91273cd90b1c4d,a677095911df518d8442cc7d35b2a623f527e4f2b4462326375a9056f3f1c3ec
q4_iterations\iter_070_mec80_rescan_gate\workspace\code,v438-mec80-rescan-gate,50074,b6724bf5014b4e8622801744a85cae55ca19a0052f48d7d198eabc378c855a5f,16,10,16,True,5256.281469,328.5175918125,3937.281469,1319.0,187,172,44,21,1.514999999999418,True,True,True,blocked_by_python_audit_hook,a56410dbdb2101e5af10affcc60fde342fc2f580bd20ed6e1c91273cd90b1c4d,a677095911df518d8442cc7d35b2a623f527e4f2b4462326375a9056f3f1c3ec
