version,program_version,seed,generator_seed_hex,n,directional,cleared,all_clear,virtual_time_s,average_clear_time_s,move_time_s,action_time_s,measure_count,channel_switch_count,clear_failure_count,census_count,wall_time_s,counts_match,time_accounting_match,code_unchanged_during_run,network_access,benchmark_sha256,simulator_sha256
C:\Users\1\Desktop\B0\q4_iterations\iter_066_adaptive_probe4_guard11\workspace\code,v436-adaptive-probe4-guard11,1000,a39334436216b7720ce278b711385d7dca832383743dc7ee45cf80f278994aa2,15,14,13,False,4687.426431,360.5712639230769,3308.426431,1379.0,216,207,9,18,1.9840000000003783,True,True,True,blocked_by_python_audit_hook,a56410dbdb2101e5af10affcc60fde342fc2f580bd20ed6e1c91273cd90b1c4d,a677095911df518d8442cc7d35b2a623f527e4f2b4462326375a9056f3f1c3ec
C:\Users\1\Desktop\B0\q4_iterations\iter_067_rescan1\workspace\code,v437-rescan1,1000,a39334436216b7720ce278b711385d7dca832383743dc7ee45cf80f278994aa2,15,14,14,False,5828.609217,416.3292297857143,4327.609217,1501.0,219,210,42,19,2.0,True,True,True,blocked_by_python_audit_hook,a56410dbdb2101e5af10affcc60fde342fc2f580bd20ed6e1c91273cd90b1c4d,a677095911df518d8442cc7d35b2a623f527e4f2b4462326375a9056f3f1c3ec
C:\Users\1\Desktop\B0\q4_iterations\iter_068_single_bearing_rescan\workspace\code,v438-single-bearing-rescan,1000,a39334436216b7720ce278b711385d7dca832383743dc7ee45cf80f278994aa2,15,14,13,False,5345.230488,411.171576,4000.230488,1345.0,209,199,12,18,1.9369999999980791,True,True,True,blocked_by_python_audit_hook,a56410dbdb2101e5af10affcc60fde342fc2f580bd20ed6e1c91273cd90b1c4d,a677095911df518d8442cc7d35b2a623f527e4f2b4462326375a9056f3f1c3ec
C:\Users\1\Desktop\B0\q4_iterations\iter_066_adaptive_probe4_guard11\workspace\code,v436-adaptive-probe4-guard11,1001,6a92cde9a30ece31faeac9a4be1e43b8aa972356165c7304da2dbae1a85fe92c,16,1,16,True,4273.706309,267.1066443125,3279.706309,994.0,139,129,30,19,1.889999999999418,True,True,True,blocked_by_python_audit_hook,a56410dbdb2101e5af10affcc60fde342fc2f580bd20ed6e1c91273cd90b1c4d,a677095911df518d8442cc7d35b2a623f527e4f2b4462326375a9056f3f1c3ec
C:\Users\1\Desktop\B0\q4_iterations\iter_067_rescan1\workspace\code,v437-rescan1,1001,6a92cde9a30ece31faeac9a4be1e43b8aa972356165c7304da2dbae1a85fe92c,16,1,16,True,4377.476666,273.592291625,3378.476666,999.0,134,126,41,18,1.9679999999971187,True,True,True,blocked_by_python_audit_hook,a56410dbdb2101e5af10affcc60fde342fc2f580bd20ed6e1c91273cd90b1c4d,a677095911df518d8442cc7d35b2a623f527e4f2b4462326375a9056f3f1c3ec
C:\Users\1\Desktop\B0\q4_iterations\iter_068_single_bearing_rescan\workspace\code,v438-single-bearing-rescan,1001,6a92cde9a30ece31faeac9a4be1e43b8aa972356165c7304da2dbae1a85fe92c,16,1,16,True,4234.977501,264.6860938125,3280.977501,954.0,129,121,36,19,1.9059999999990396,True,True,True,blocked_by_python_audit_hook,a56410dbdb2101e5af10affcc60fde342fc2f580bd20ed6e1c91273cd90b1c4d,a677095911df518d8442cc7d35b2a623f527e4f2b4462326375a9056f3f1c3ec
C:\Users\1\Desktop\B0\q4_iterations\iter_066_adaptive_probe4_guard11\workspace\code,v436-adaptive-probe4-guard11,1002,b16bedba126f505b0eef897842824c4628a3ef6bed6b3f14ef46b6cc0e790676,13,10,13,True,5334.207379,410.32364453846156,3937.207379,1397.0,215,200,19,19,2.0469999999986612,True,True,True,blocked_by_python_audit_hook,a56410dbdb2101e5af10affcc60fde342fc2f580bd20ed6e1c91273cd90b1c4d,a677095911df518d8442cc7d35b2a623f527e4f2b4462326375a9056f3f1c3ec
C:\Users\1\Desktop\B0\q4_iterations\iter_067_rescan1\workspace\code,v437-rescan1,1002,b16bedba126f505b0eef897842824c4628a3ef6bed6b3f14ef46b6cc0e790676,13,10,13,True,5283.143941,406.3956877692308,3933.143941,1350.0,206,195,20,19,2.077999999997701,True,True,True,blocked_by_python_audit_hook,a56410dbdb2101e5af10affcc60fde342fc2f580bd20ed6e1c91273cd90b1c4d,a677095911df518d8442cc7d35b2a623f527e4f2b4462326375a9056f3f1c3ec
C:\Users\1\Desktop\B0\q4_iterations\iter_068_single_bearing_rescan\workspace\code,v438-single-bearing-rescan,1002,b16bedba126f505b0eef897842824c4628a3ef6bed6b3f14ef46b6cc0e790676,13,10,13,True,5366.789828,412.82998676923074,3965.789828,1401.0,213,199,24,19,1.8119999999980791,True,True,True,blocked_by_python_audit_hook,a56410dbdb2101e5af10affcc60fde342fc2f580bd20ed6e1c91273cd90b1c4d,a677095911df518d8442cc7d35b2a623f527e4f2b4462326375a9056f3f1c3ec
C:\Users\1\Desktop\B0\q4_iterations\iter_066_adaptive_probe4_guard11\workspace\code,v436-adaptive-probe4-guard11,1003,6ec4fe5f46e6a1fb96e9ff2fa84a021808ee77fd95395210770bfa4b527358b2,10,2,10,True,4827.3339,482.73339,3511.3339,1316.0,200,191,25,15,1.5779999999977008,True,True,True,blocked_by_python_audit_hook,a56410dbdb2101e5af10affcc60fde342fc2f580bd20ed6e1c91273cd90b1c4d,a677095911df518d8442cc7d35b2a623f527e4f2b4462326375a9056f3f1c3ec
C:\Users\1\Desktop\B0\q4_iterations\iter_067_rescan1\workspace\code,v437-rescan1,1003,6ec4fe5f46e6a1fb96e9ff2fa84a021808ee77fd95395210770bfa4b527358b2,10,2,10,True,4951.022015,495.1022015,3706.022015,1245.0,198,187,6,15,1.5780000000013388,True,True,True,blocked_by_python_audit_hook,a56410dbdb2101e5af10affcc60fde342fc2f580bd20ed6e1c91273cd90b1c4d,a677095911df518d8442cc7d35b2a623f527e4f2b4462326375a9056f3f1c3ec
C:\Users\1\Desktop\B0\q4_iterations\iter_068_single_bearing_rescan\workspace\code,v438-single-bearing-rescan,1003,6ec4fe5f46e6a1fb96e9ff2fa84a021808ee77fd95395210770bfa4b527358b2,10,2,10,True,4708.95754,470.895754,3485.95754,1223.0,195,186,4,15,1.5309999999990396,True,True,True,blocked_by_python_audit_hook,a56410dbdb2101e5af10affcc60fde342fc2f580bd20ed6e1c91273cd90b1c4d,a677095911df518d8442cc7d35b2a623f527e4f2b4462326375a9056f3f1c3ec
C:\Users\1\Desktop\B0\q4_iterations\iter_066_adaptive_probe4_guard11\workspace\code,v436-adaptive-probe4-guard11,1004,37e989970d07895fea1e87128626768d1ed7cc6e1f08beb6c25e92537297f4a0,16,14,12,False,5113.886954,426.15724616666665,3676.886954,1437.0,227,215,9,19,1.7659999999996217,True,True,True,blocked_by_python_audit_hook,a56410dbdb2101e5af10affcc60fde342fc2f580bd20ed6e1c91273cd90b1c4d,a677095911df518d8442cc7d35b2a623f527e4f2b4462326375a9056f3f1c3ec
C:\Users\1\Desktop\B0\q4_iterations\iter_067_rescan1\workspace\code,v437-rescan1,1004,37e989970d07895fea1e87128626768d1ed7cc6e1f08beb6c25e92537297f4a0,16,14,14,False,5686.703805,406.1931289285714,4279.703805,1407.0,221,205,9,20,1.8130000000019209,True,True,True,blocked_by_python_audit_hook,a56410dbdb2101e5af10affcc60fde342fc2f580bd20ed6e1c91273cd90b1c4d,a677095911df518d8442cc7d35b2a623f527e4f2b4462326375a9056f3f1c3ec
C:\Users\1\Desktop\B0\q4_iterations\iter_068_single_bearing_rescan\workspace\code,v438-single-bearing-rescan,1004,37e989970d07895fea1e87128626768d1ed7cc6e1f08beb6c25e92537297f4a0,16,14,12,False,5078.19403,423.1828358333333,3677.19403,1401.0,221,209,9,19,1.7660000000032596,True,True,True,blocked_by_python_audit_hook,a56410dbdb2101e5af10affcc60fde342fc2f580bd20ed6e1c91273cd90b1c4d,a677095911df518d8442cc7d35b2a623f527e4f2b4462326375a9056f3f1c3ec
C:\Users\1\Desktop\B0\q4_iterations\iter_066_adaptive_probe4_guard11\workspace\code,v436-adaptive-probe4-guard11,1005,defb8891c8a6d7555ad88929607b571f9c86d3f206545861775f1da0730d1f68,16,4,16,True,4427.239243,276.7024526875,3406.239243,1021.0,148,135,22,21,1.7819999999992433,True,True,True,blocked_by_python_audit_hook,a56410dbdb2101e5af10affcc60fde342fc2f580bd20ed6e1c91273cd90b1c4d,a677095911df518d8442cc7d35b2a623f527e4f2b4462326375a9056f3f1c3ec
C:\Users\1\Desktop\B0\q4_iterations\iter_067_rescan1\workspace\code,v437-rescan1,1005,defb8891c8a6d7555ad88929607b571f9c86d3f206545861775f1da0730d1f68,16,4,16,True,4357.580258,272.348766125,3367.580258,990.0,141,127,26,21,1.735000000000582,True,True,True,blocked_by_python_audit_hook,a56410dbdb2101e5af10affcc60fde342fc2f580bd20ed6e1c91273cd90b1c4d,a677095911df518d8442cc7d35b2a623f527e4f2b4462326375a9056f3f1c3ec
C:\Users\1\Desktop\B0\q4_iterations\iter_068_single_bearing_rescan\workspace\code,v438-single-bearing-rescan,1005,defb8891c8a6d7555ad88929607b571f9c86d3f206545861775f1da0730d1f68,16,4,16,True,4391.915238,274.494702375,3411.915238,980.0,139,127,26,21,1.75,True,True,True,blocked_by_python_audit_hook,a56410dbdb2101e5af10affcc60fde342fc2f580bd20ed6e1c91273cd90b1c4d,a677095911df518d8442cc7d35b2a623f527e4f2b4462326375a9056f3f1c3ec
C:\Users\1\Desktop\B0\q4_iterations\iter_066_adaptive_probe4_guard11\workspace\code,v436-adaptive-probe4-guard11,1006,66154f44c3c0713d51406e58bcb4c4b5e454de2897d535a586709912c7a54b59,14,2,14,True,3868.284165,276.3060117857143,2844.284165,1024.0,157,148,7,17,1.7659999999996217,True,True,True,blocked_by_python_audit_hook,a56410dbdb2101e5af10affcc60fde342fc2f580bd20ed6e1c91273cd90b1c4d,a677095911df518d8442cc7d35b2a623f527e4f2b4462326375a9056f3f1c3ec
C:\Users\1\Desktop\B0\q4_iterations\iter_067_rescan1\workspace\code,v437-rescan1,1006,66154f44c3c0713d51406e58bcb4c4b5e454de2897d535a586709912c7a54b59,14,2,14,True,3971.388297,283.6705926428571,2953.388297,1018.0,153,144,13,17,1.7819999999992433,True,True,True,blocked_by_python_audit_hook,a56410dbdb2101e5af10affcc60fde342fc2f580bd20ed6e1c91273cd90b1c4d,a677095911df518d8442cc7d35b2a623f527e4f2b4462326375a9056f3f1c3ec
C:\Users\1\Desktop\B0\q4_iterations\iter_068_single_bearing_rescan\workspace\code,v438-single-bearing-rescan,1006,66154f44c3c0713d51406e58bcb4c4b5e454de2897d535a586709912c7a54b59,14,2,14,True,3854.885273,275.34894807142854,2846.885273,1008.0,151,141,14,17,1.7190000000009604,True,True,True,blocked_by_python_audit_hook,a56410dbdb2101e5af10affcc60fde342fc2f580bd20ed6e1c91273cd90b1c4d,a677095911df518d8442cc7d35b2a623f527e4f2b4462326375a9056f3f1c3ec
C:\Users\1\Desktop\B0\q4_iterations\iter_066_adaptive_probe4_guard11\workspace\code,v436-adaptive-probe4-guard11,1007,2d2e44b2e0bf2c448ff932a2287183d10706c07281bfa3006644a61982a5f015,11,5,11,True,4705.495517,427.77231972727276,3101.495517,1604.0,255,244,10,19,1.625,True,True,True,blocked_by_python_audit_hook,a56410dbdb2101e5af10affcc60fde342fc2f580bd20ed6e1c91273cd90b1c4d,a677095911df518d8442cc7d35b2a623f527e4f2b4462326375a9056f3f1c3ec
C:\Users\1\Desktop\B0\q4_iterations\iter_067_rescan1\workspace\code,v437-rescan1,1007,2d2e44b2e0bf2c448ff932a2287183d10706c07281bfa3006644a61982a5f015,11,5,11,True,4701.209888,427.3827170909091,3168.209888,1533.0,244,234,8,19,1.5630000000019209,True,True,True,blocked_by_python_audit_hook,a56410dbdb2101e5af10affcc60fde342fc2f580bd20ed6e1c91273cd90b1c4d,a677095911df518d8442cc7d35b2a623f527e4f2b4462326375a9056f3f1c3ec
C:\Users\1\Desktop\B0\q4_iterations\iter_068_single_bearing_rescan\workspace\code,v438-single-bearing-rescan,1007,2d2e44b2e0bf2c448ff932a2287183d10706c07281bfa3006644a61982a5f015,11,5,11,True,4686.159502,426.0145001818182,3110.159502,1576.0,249,240,12,19,1.6559999999990396,True,True,True,blocked_by_python_audit_hook,a56410dbdb2101e5af10affcc60fde342fc2f580bd20ed6e1c91273cd90b1c4d,a677095911df518d8442cc7d35b2a623f527e4f2b4462326375a9056f3f1c3ec
C:\Users\1\Desktop\B0\q4_iterations\iter_066_adaptive_probe4_guard11\workspace\code,v436-adaptive-probe4-guard11,1008,bc93e96d36c23696b2d00ad01f727f2108a19c1735505225fd0564c5933d191d,14,6,14,True,4912.546338,350.896167,3719.546338,1193.0,182,174,13,18,1.6559999999990396,True,True,True,blocked_by_python_audit_hook,a56410dbdb2101e5af10affcc60fde342fc2f580bd20ed6e1c91273cd90b1c4d,a677095911df518d8442cc7d35b2a623f527e4f2b4462326375a9056f3f1c3ec
C:\Users\1\Desktop\B0\q4_iterations\iter_067_rescan1\workspace\code,v437-rescan1,1008,bc93e96d36c23696b2d00ad01f727f2108a19c1735505225fd0564c5933d191d,14,6,14,True,5014.032371,358.1451693571429,3754.032371,1260.0,193,183,14,19,1.735000000000582,True,True,True,blocked_by_python_audit_hook,a56410dbdb2101e5af10affcc60fde342fc2f580bd20ed6e1c91273cd90b1c4d,a677095911df518d8442cc7d35b2a623f527e4f2b4462326375a9056f3f1c3ec
C:\Users\1\Desktop\B0\q4_iterations\iter_068_single_bearing_rescan\workspace\code,v438-single-bearing-rescan,1008,bc93e96d36c23696b2d00ad01f727f2108a19c1735505225fd0564c5933d191d,14,6,14,True,4513.124371,322.3660265,3301.124371,1212.0,182,172,20,18,1.7179999999971187,True,True,True,blocked_by_python_audit_hook,a56410dbdb2101e5af10affcc60fde342fc2f580bd20ed6e1c91273cd90b1c4d,a677095911df518d8442cc7d35b2a623f527e4f2b4462326375a9056f3f1c3ec
C:\Users\1\Desktop\B0\q4_iterations\iter_066_adaptive_probe4_guard11\workspace\code,v436-adaptive-probe4-guard11,1010,2ce3bbb987e9724b3248d9c85a1f2dee1b7bd9beb32c85a1df68d7a521956dfb,15,12,15,True,5770.463754,384.69758360000003,4425.463754,1345.0,178,164,72,19,2.125,True,True,True,blocked_by_python_audit_hook,a56410dbdb2101e5af10affcc60fde342fc2f580bd20ed6e1c91273cd90b1c4d,a677095911df518d8442cc7d35b2a623f527e4f2b4462326375a9056f3f1c3ec
C:\Users\1\Desktop\B0\q4_iterations\iter_067_rescan1\workspace\code,v437-rescan1,1010,2ce3bbb987e9724b3248d9c85a1f2dee1b7bd9beb32c85a1df68d7a521956dfb,15,12,15,True,5662.115086,377.47433906666663,4384.115086,1278.0,167,149,73,18,2.0940000000009604,True,True,True,blocked_by_python_audit_hook,a56410dbdb2101e5af10affcc60fde342fc2f580bd20ed6e1c91273cd90b1c4d,a677095911df518d8442cc7d35b2a623f527e4f2b4462326375a9056f3f1c3ec
C:\Users\1\Desktop\B0\q4_iterations\iter_068_single_bearing_rescan\workspace\code,v438-single-bearing-rescan,1010,2ce3bbb987e9724b3248d9c85a1f2dee1b7bd9beb32c85a1df68d7a521956dfb,15,12,15,True,5669.942227,377.9961484666666,4392.942227,1277.0,167,151,72,19,2.1559999999990396,True,True,True,blocked_by_python_audit_hook,a56410dbdb2101e5af10affcc60fde342fc2f580bd20ed6e1c91273cd90b1c4d,a677095911df518d8442cc7d35b2a623f527e4f2b4462326375a9056f3f1c3ec
C:\Users\1\Desktop\B0\q4_iterations\iter_066_adaptive_probe4_guard11\workspace\code,v436-adaptive-probe4-guard11,1011,49742deb7653f3a7174dcdb63a4503dba00f30f472b62c864247e469aaaae0d5,14,11,14,True,5457.019515,389.7871082142857,3944.019515,1513.0,224,212,37,21,2.0940000000009604,True,True,True,blocked_by_python_audit_hook,a56410dbdb2101e5af10affcc60fde342fc2f580bd20ed6e1c91273cd90b1c4d,a677095911df518d8442cc7d35b2a623f527e4f2b4462326375a9056f3f1c3ec
C:\Users\1\Desktop\B0\q4_iterations\iter_067_rescan1\workspace\code,v437-rescan1,1011,49742deb7653f3a7174dcdb63a4503dba00f30f472b62c864247e469aaaae0d5,14,11,13,False,5375.366663,413.48974330769227,3965.366663,1410.0,207,193,39,19,2.0939999999973224,True,True,True,blocked_by_python_audit_hook,a56410dbdb2101e5af10affcc60fde342fc2f580bd20ed6e1c91273cd90b1c4d,a677095911df518d8442cc7d35b2a623f527e4f2b4462326375a9056f3f1c3ec
C:\Users\1\Desktop\B0\q4_iterations\iter_068_single_bearing_rescan\workspace\code,v438-single-bearing-rescan,1011,49742deb7653f3a7174dcdb63a4503dba00f30f472b62c864247e469aaaae0d5,14,11,14,True,5519.67148,394.2622485714286,4020.67148,1499.0,214,200,53,21,1.9370000000017171,True,True,True,blocked_by_python_audit_hook,a56410dbdb2101e5af10affcc60fde342fc2f580bd20ed6e1c91273cd90b1c4d,a677095911df518d8442cc7d35b2a623f527e4f2b4462326375a9056f3f1c3ec
C:\Users\1\Desktop\B0\q4_iterations\iter_066_adaptive_probe4_guard11\workspace\code,v436-adaptive-probe4-guard11,1013,29de345465a1d88de74628fc8fbdcdd34033542543354644a030de902436c522,12,10,10,False,4876.044399,487.60443990000005,3273.044399,1603.0,245,229,33,19,1.6720000000022992,True,True,True,blocked_by_python_audit_hook,a56410dbdb2101e5af10affcc60fde342fc2f580bd20ed6e1c91273cd90b1c4d,a677095911df518d8442cc7d35b2a623f527e4f2b4462326375a9056f3f1c3ec
C:\Users\1\Desktop\B0\q4_iterations\iter_067_rescan1\workspace\code,v437-rescan1,1013,29de345465a1d88de74628fc8fbdcdd34033542543354644a030de902436c522,12,10,9,False,4936.730754,548.5256393333334,3458.730754,1478.0,235,222,12,18,1.7659999999996217,True,True,True,blocked_by_python_audit_hook,a56410dbdb2101e5af10affcc60fde342fc2f580bd20ed6e1c91273cd90b1c4d,a677095911df518d8442cc7d35b2a623f527e4f2b4462326375a9056f3f1c3ec
C:\Users\1\Desktop\B0\q4_iterations\iter_068_single_bearing_rescan\workspace\code,v438-single-bearing-rescan,1013,29de345465a1d88de74628fc8fbdcdd34033542543354644a030de902436c522,12,10,10,False,4900.249748,490.0249748,3295.249748,1605.0,242,228,39,19,1.7179999999971187,True,True,True,blocked_by_python_audit_hook,a56410dbdb2101e5af10affcc60fde342fc2f580bd20ed6e1c91273cd90b1c4d,a677095911df518d8442cc7d35b2a623f527e4f2b4462326375a9056f3f1c3ec
C:\Users\1\Desktop\B0\q4_iterations\iter_066_adaptive_probe4_guard11\workspace\code,v436-adaptive-probe4-guard11,1014,628ef7416312911dbe93b087e1fa8353bf6cbf205a0a9ecfd806598ed41eb99b,13,3,13,True,4455.766899,342.75129992307694,3200.766899,1255.0,191,181,18,17,1.7340000000003783,True,True,True,blocked_by_python_audit_hook,a56410dbdb2101e5af10affcc60fde342fc2f580bd20ed6e1c91273cd90b1c4d,a677095911df518d8442cc7d35b2a623f527e4f2b4462326375a9056f3f1c3ec
C:\Users\1\Desktop\B0\q4_iterations\iter_067_rescan1\workspace\code,v437-rescan1,1014,628ef7416312911dbe93b087e1fa8353bf6cbf205a0a9ecfd806598ed41eb99b,13,3,13,True,4422.342767,340.18021284615384,3215.342767,1207.0,184,177,15,17,1.7340000000003783,True,True,True,blocked_by_python_audit_hook,a56410dbdb2101e5af10affcc60fde342fc2f580bd20ed6e1c91273cd90b1c4d,a677095911df518d8442cc7d35b2a623f527e4f2b4462326375a9056f3f1c3ec
C:\Users\1\Desktop\B0\q4_iterations\iter_068_single_bearing_rescan\workspace\code,v438-single-bearing-rescan,1014,628ef7416312911dbe93b087e1fa8353bf6cbf205a0a9ecfd806598ed41eb99b,13,3,13,True,4403.844277,338.75725207692307,3196.844277,1207.0,183,170,19,17,1.75,True,True,True,blocked_by_python_audit_hook,a56410dbdb2101e5af10affcc60fde342fc2f580bd20ed6e1c91273cd90b1c4d,a677095911df518d8442cc7d35b2a623f527e4f2b4462326375a9056f3f1c3ec
C:\Users\1\Desktop\B0\q4_iterations\iter_066_adaptive_probe4_guard11\workspace\code,v436-adaptive-probe4-guard11,1015,d1030316333d920720281adeebd8b8ddbbdfc6258aa90566873435f631d1aa83,11,6,10,False,5228.608392,522.8608392,3677.608392,1551.0,246,232,13,18,1.625,True,True,True,blocked_by_python_audit_hook,a56410dbdb2101e5af10affcc60fde342fc2f580bd20ed6e1c91273cd90b1c4d,a677095911df518d8442cc7d35b2a623f527e4f2b4462326375a9056f3f1c3ec
C:\Users\1\Desktop\B0\q4_iterations\iter_067_rescan1\workspace\code,v437-rescan1,1015,d1030316333d920720281adeebd8b8ddbbdfc6258aa90566873435f631d1aa83,11,6,10,False,5370.791103,537.0791102999999,3820.791103,1550.0,246,231,13,18,1.5159999999996217,True,True,True,blocked_by_python_audit_hook,a56410dbdb2101e5af10affcc60fde342fc2f580bd20ed6e1c91273cd90b1c4d,a677095911df518d8442cc7d35b2a623f527e4f2b4462326375a9056f3f1c3ec
C:\Users\1\Desktop\B0\q4_iterations\iter_068_single_bearing_rescan\workspace\code,v438-single-bearing-rescan,1015,d1030316333d920720281adeebd8b8ddbbdfc6258aa90566873435f631d1aa83,11,6,10,False,5175.323922,517.5323922,3677.323922,1498.0,237,224,13,18,1.625,True,True,True,blocked_by_python_audit_hook,a56410dbdb2101e5af10affcc60fde342fc2f580bd20ed6e1c91273cd90b1c4d,a677095911df518d8442cc7d35b2a623f527e4f2b4462326375a9056f3f1c3ec
C:\Users\1\Desktop\B0\q4_iterations\iter_066_adaptive_probe4_guard11\workspace\code,v436-adaptive-probe4-guard11,1017,68373498fa152d2d4a911e80f82c369b29c88c1239554ec578bd780cfe3b3c89,11,1,11,True,5323.065277,483.9150251818182,3868.065277,1455.0,224,214,22,19,1.6559999999990396,True,True,True,blocked_by_python_audit_hook,a56410dbdb2101e5af10affcc60fde342fc2f580bd20ed6e1c91273cd90b1c4d,a677095911df518d8442cc7d35b2a623f527e4f2b4462326375a9056f3f1c3ec
C:\Users\1\Desktop\B0\q4_iterations\iter_067_rescan1\workspace\code,v437-rescan1,1017,68373498fa152d2d4a911e80f82c369b29c88c1239554ec578bd780cfe3b3c89,11,1,11,True,5220.124563,474.5567784545455,3856.124563,1364.0,209,198,22,18,1.5940000000009604,True,True,True,blocked_by_python_audit_hook,a56410dbdb2101e5af10affcc60fde342fc2f580bd20ed6e1c91273cd90b1c4d,a677095911df518d8442cc7d35b2a623f527e4f2b4462326375a9056f3f1c3ec
C:\Users\1\Desktop\B0\q4_iterations\iter_068_single_bearing_rescan\workspace\code,v438-single-bearing-rescan,1017,68373498fa152d2d4a911e80f82c369b29c88c1239554ec578bd780cfe3b3c89,11,1,11,True,5237.2201,476.11091818181814,3828.2201,1409.0,216,202,24,19,1.75,True,True,True,blocked_by_python_audit_hook,a56410dbdb2101e5af10affcc60fde342fc2f580bd20ed6e1c91273cd90b1c4d,a677095911df518d8442cc7d35b2a623f527e4f2b4462326375a9056f3f1c3ec
C:\Users\1\Desktop\B0\q4_iterations\iter_066_adaptive_probe4_guard11\workspace\code,v436-adaptive-probe4-guard11,1022,a791a5a33c7de217b380dea8f41ce919c14da8e184be9847661a5f15635ac902,12,7,12,True,4510.616794,375.8847328333333,2949.616794,1561.0,239,225,27,21,1.7030000000013388,True,True,True,blocked_by_python_audit_hook,a56410dbdb2101e5af10affcc60fde342fc2f580bd20ed6e1c91273cd90b1c4d,a677095911df518d8442cc7d35b2a623f527e4f2b4462326375a9056f3f1c3ec
C:\Users\1\Desktop\B0\q4_iterations\iter_067_rescan1\workspace\code,v437-rescan1,1022,a791a5a33c7de217b380dea8f41ce919c14da8e184be9847661a5f15635ac902,12,7,12,True,4560.982354,380.08186283333333,3001.982354,1559.0,235,222,34,21,1.8290000000015425,True,True,True,blocked_by_python_audit_hook,a56410dbdb2101e5af10affcc60fde342fc2f580bd20ed6e1c91273cd90b1c4d,a677095911df518d8442cc7d35b2a623f527e4f2b4462326375a9056f3f1c3ec
C:\Users\1\Desktop\B0\q4_iterations\iter_068_single_bearing_rescan\workspace\code,v438-single-bearing-rescan,1022,a791a5a33c7de217b380dea8f41ce919c14da8e184be9847661a5f15635ac902,12,7,12,True,4487.934716,373.99455966666665,2961.934716,1526.0,232,219,29,21,1.7809999999990396,True,True,True,blocked_by_python_audit_hook,a56410dbdb2101e5af10affcc60fde342fc2f580bd20ed6e1c91273cd90b1c4d,a677095911df518d8442cc7d35b2a623f527e4f2b4462326375a9056f3f1c3ec
C:\Users\1\Desktop\B0\q4_iterations\iter_066_adaptive_probe4_guard11\workspace\code,v436-adaptive-probe4-guard11,1023,ef42f860fa498e72aa0cc83fbd8881a2fe359a4ca4875fab5b9b2f8612b1a68e,14,8,14,True,5415.51473,386.8224807142857,3923.51473,1492.0,228,213,23,20,1.8119999999980791,True,True,True,blocked_by_python_audit_hook,a56410dbdb2101e5af10affcc60fde342fc2f580bd20ed6e1c91273cd90b1c4d,a677095911df518d8442cc7d35b2a623f527e4f2b4462326375a9056f3f1c3ec
C:\Users\1\Desktop\B0\q4_iterations\iter_067_rescan1\workspace\code,v437-rescan1,1023,ef42f860fa498e72aa0cc83fbd8881a2fe359a4ca4875fab5b9b2f8612b1a68e,14,8,13,False,4659.334026,358.41030969230775,3308.334026,1351.0,212,202,8,19,1.875,True,True,True,blocked_by_python_audit_hook,a56410dbdb2101e5af10affcc60fde342fc2f580bd20ed6e1c91273cd90b1c4d,a677095911df518d8442cc7d35b2a623f527e4f2b4462326375a9056f3f1c3ec
C:\Users\1\Desktop\B0\q4_iterations\iter_068_single_bearing_rescan\workspace\code,v438-single-bearing-rescan,1023,ef42f860fa498e72aa0cc83fbd8881a2fe359a4ca4875fab5b9b2f8612b1a68e,14,8,14,True,5399.257797,385.6612712142857,3924.257797,1475.0,225,211,23,20,1.7969999999986612,True,True,True,blocked_by_python_audit_hook,a56410dbdb2101e5af10affcc60fde342fc2f580bd20ed6e1c91273cd90b1c4d,a677095911df518d8442cc7d35b2a623f527e4f2b4462326375a9056f3f1c3ec
C:\Users\1\Desktop\B0\q4_iterations\iter_066_adaptive_probe4_guard11\workspace\code,v436-adaptive-probe4-guard11,1024,d0f2cabe551457a8eef53042f6199c012fc1a16aecb484ba80983fe9c55b28fa,10,8,10,True,4985.136077,498.5136077,3354.136077,1631.0,257,245,17,17,1.610000000000582,True,True,True,blocked_by_python_audit_hook,a56410dbdb2101e5af10affcc60fde342fc2f580bd20ed6e1c91273cd90b1c4d,a677095911df518d8442cc7d35b2a623f527e4f2b4462326375a9056f3f1c3ec
C:\Users\1\Desktop\B0\q4_iterations\iter_067_rescan1\workspace\code,v437-rescan1,1024,d0f2cabe551457a8eef53042f6199c012fc1a16aecb484ba80983fe9c55b28fa,10,8,10,True,5267.294506,526.7294506000001,3537.294506,1730.0,274,262,16,18,1.6559999999990396,True,True,True,blocked_by_python_audit_hook,a56410dbdb2101e5af10affcc60fde342fc2f580bd20ed6e1c91273cd90b1c4d,a677095911df518d8442cc7d35b2a623f527e4f2b4462326375a9056f3f1c3ec
C:\Users\1\Desktop\B0\q4_iterations\iter_068_single_bearing_rescan\workspace\code,v438-single-bearing-rescan,1024,d0f2cabe551457a8eef53042f6199c012fc1a16aecb484ba80983fe9c55b28fa,10,8,10,True,4968.707571,496.8707571,3353.707571,1615.0,254,244,17,17,1.6409999999996217,True,True,True,blocked_by_python_audit_hook,a56410dbdb2101e5af10affcc60fde342fc2f580bd20ed6e1c91273cd90b1c4d,a677095911df518d8442cc7d35b2a623f527e4f2b4462326375a9056f3f1c3ec
C:\Users\1\Desktop\B0\q4_iterations\iter_066_adaptive_probe4_guard11\workspace\code,v436-adaptive-probe4-guard11,50001,ca54ff143d42c25fcef31d3ac9f922096d5344ede1c08b13f90c6f6a735c6683,15,8,13,False,4936.194947,379.7073036153846,3626.194947,1310.0,199,190,20,19,1.7189999999973224,True,True,True,blocked_by_python_audit_hook,a56410dbdb2101e5af10affcc60fde342fc2f580bd20ed6e1c91273cd90b1c4d,a677095911df518d8442cc7d35b2a623f527e4f2b4462326375a9056f3f1c3ec
C:\Users\1\Desktop\B0\q4_iterations\iter_067_rescan1\workspace\code,v437-rescan1,50001,ca54ff143d42c25fcef31d3ac9f922096d5344ede1c08b13f90c6f6a735c6683,15,8,13,False,4822.080308,370.92925446153845,3501.080308,1321.0,189,182,43,18,1.8429999999971187,True,True,True,blocked_by_python_audit_hook,a56410dbdb2101e5af10affcc60fde342fc2f580bd20ed6e1c91273cd90b1c4d,a677095911df518d8442cc7d35b2a623f527e4f2b4462326375a9056f3f1c3ec
C:\Users\1\Desktop\B0\q4_iterations\iter_068_single_bearing_rescan\workspace\code,v438-single-bearing-rescan,50001,ca54ff143d42c25fcef31d3ac9f922096d5344ede1c08b13f90c6f6a735c6683,15,8,13,False,4924.497361,378.80748930769226,3626.497361,1298.0,197,188,20,19,1.5629999999982829,True,True,True,blocked_by_python_audit_hook,a56410dbdb2101e5af10affcc60fde342fc2f580bd20ed6e1c91273cd90b1c4d,a677095911df518d8442cc7d35b2a623f527e4f2b4462326375a9056f3f1c3ec
C:\Users\1\Desktop\B0\q4_iterations\iter_066_adaptive_probe4_guard11\workspace\code,v436-adaptive-probe4-guard11,50006,d40d6cf939b13cef80b78559c8560ac4e323ee12e868ffa1fda6564dd06159d4,15,2,15,True,4170.880303,278.0586868666667,3260.880303,910.0,138,130,5,18,1.7659999999996217,True,True,True,blocked_by_python_audit_hook,a56410dbdb2101e5af10affcc60fde342fc2f580bd20ed6e1c91273cd90b1c4d,a677095911df518d8442cc7d35b2a623f527e4f2b4462326375a9056f3f1c3ec
C:\Users\1\Desktop\B0\q4_iterations\iter_067_rescan1\workspace\code,v437-rescan1,50006,d40d6cf939b13cef80b78559c8560ac4e323ee12e868ffa1fda6564dd06159d4,15,2,15,True,4223.774044,281.58493626666666,3356.774044,867.0,132,126,2,18,1.889999999999418,True,True,True,blocked_by_python_audit_hook,a56410dbdb2101e5af10affcc60fde342fc2f580bd20ed6e1c91273cd90b1c4d,a677095911df518d8442cc7d35b2a623f527e4f2b4462326375a9056f3f1c3ec
C:\Users\1\Desktop\B0\q4_iterations\iter_068_single_bearing_rescan\workspace\code,v438-single-bearing-rescan,50006,d40d6cf939b13cef80b78559c8560ac4e323ee12e868ffa1fda6564dd06159d4,15,2,15,True,4154.692469,276.97949793333333,3268.692469,886.0,133,122,8,18,1.8440000000009604,True,True,True,blocked_by_python_audit_hook,a56410dbdb2101e5af10affcc60fde342fc2f580bd20ed6e1c91273cd90b1c4d,a677095911df518d8442cc7d35b2a623f527e4f2b4462326375a9056f3f1c3ec
C:\Users\1\Desktop\B0\q4_iterations\iter_066_adaptive_probe4_guard11\workspace\code,v436-adaptive-probe4-guard11,50010,585ae0f7a1c8e69f7388275f6016d631511cb99bb4a1b5779b2e17f4dbac6a73,15,9,13,False,4498.395377,346.0304136153846,3106.395377,1392.0,208,200,29,19,1.7969999999986612,True,True,True,blocked_by_python_audit_hook,a56410dbdb2101e5af10affcc60fde342fc2f580bd20ed6e1c91273cd90b1c4d,a677095911df518d8442cc7d35b2a623f527e4f2b4462326375a9056f3f1c3ec
C:\Users\1\Desktop\B0\q4_iterations\iter_067_rescan1\workspace\code,v437-rescan1,50010,585ae0f7a1c8e69f7388275f6016d631511cb99bb4a1b5779b2e17f4dbac6a73,15,9,14,False,4981.781866,355.8415618571429,3615.781866,1366.0,200,188,36,19,1.8129999999982829,True,True,True,blocked_by_python_audit_hook,a56410dbdb2101e5af10affcc60fde342fc2f580bd20ed6e1c91273cd90b1c4d,a677095911df518d8442cc7d35b2a623f527e4f2b4462326375a9056f3f1c3ec
C:\Users\1\Desktop\B0\q4_iterations\iter_068_single_bearing_rescan\workspace\code,v438-single-bearing-rescan,50010,585ae0f7a1c8e69f7388275f6016d631511cb99bb4a1b5779b2e17f4dbac6a73,15,9,14,False,5109.096741,364.93548150000004,3802.096741,1307.0,198,187,20,19,1.8119999999980791,True,True,True,blocked_by_python_audit_hook,a56410dbdb2101e5af10affcc60fde342fc2f580bd20ed6e1c91273cd90b1c4d,a677095911df518d8442cc7d35b2a623f527e4f2b4462326375a9056f3f1c3ec
C:\Users\1\Desktop\B0\q4_iterations\iter_066_adaptive_probe4_guard11\workspace\code,v436-adaptive-probe4-guard11,50020,f23ec87f788c3bc386e99048c56b9fa9a36e8a0557d9343d2ce427ebfed41aa1,16,1,15,False,3863.890934,257.5927289333333,2967.890934,896.0,128,121,20,17,2.0309999999990396,True,True,True,blocked_by_python_audit_hook,a56410dbdb2101e5af10affcc60fde342fc2f580bd20ed6e1c91273cd90b1c4d,a677095911df518d8442cc7d35b2a623f527e4f2b4462326375a9056f3f1c3ec
C:\Users\1\Desktop\B0\q4_iterations\iter_067_rescan1\workspace\code,v437-rescan1,50020,f23ec87f788c3bc386e99048c56b9fa9a36e8a0557d9343d2ce427ebfed41aa1,16,1,15,False,4073.966494,271.59776626666667,3195.966494,878.0,123,116,24,17,2.360000000000582,True,True,True,blocked_by_python_audit_hook,a56410dbdb2101e5af10affcc60fde342fc2f580bd20ed6e1c91273cd90b1c4d,a677095911df518d8442cc7d35b2a623f527e4f2b4462326375a9056f3f1c3ec
C:\Users\1\Desktop\B0\q4_iterations\iter_068_single_bearing_rescan\workspace\code,v438-single-bearing-rescan,50020,f23ec87f788c3bc386e99048c56b9fa9a36e8a0557d9343d2ce427ebfed41aa1,16,1,15,False,3887.360918,259.15739453333333,3006.360918,881.0,122,112,28,17,2.2030000000013388,True,True,True,blocked_by_python_audit_hook,a56410dbdb2101e5af10affcc60fde342fc2f580bd20ed6e1c91273cd90b1c4d,a677095911df518d8442cc7d35b2a623f527e4f2b4462326375a9056f3f1c3ec
C:\Users\1\Desktop\B0\q4_iterations\iter_066_adaptive_probe4_guard11\workspace\code,v436-adaptive-probe4-guard11,50025,98b247c445be3fa6ddb86b239a91e3bf6ab641395b3106cb41c96b337bb25b7b,16,16,15,False,4748.879979,316.5919986,3620.879979,1128.0,164,155,26,19,2.1409999999996217,True,True,True,blocked_by_python_audit_hook,a56410dbdb2101e5af10affcc60fde342fc2f580bd20ed6e1c91273cd90b1c4d,a677095911df518d8442cc7d35b2a623f527e4f2b4462326375a9056f3f1c3ec
C:\Users\1\Desktop\B0\q4_iterations\iter_067_rescan1\workspace\code,v437-rescan1,50025,98b247c445be3fa6ddb86b239a91e3bf6ab641395b3106cb41c96b337bb25b7b,16,16,15,False,4846.673979,323.11159860000004,3804.673979,1042.0,155,150,14,20,2.0,True,True,True,blocked_by_python_audit_hook,a56410dbdb2101e5af10affcc60fde342fc2f580bd20ed6e1c91273cd90b1c4d,a677095911df518d8442cc7d35b2a623f527e4f2b4462326375a9056f3f1c3ec
C:\Users\1\Desktop\B0\q4_iterations\iter_068_single_bearing_rescan\workspace\code,v438-single-bearing-rescan,50025,98b247c445be3fa6ddb86b239a91e3bf6ab641395b3106cb41c96b337bb25b7b,16,16,15,False,4686.879979,312.4586652666667,3620.879979,1066.0,154,143,26,19,2.125,True,True,True,blocked_by_python_audit_hook,a56410dbdb2101e5af10affcc60fde342fc2f580bd20ed6e1c91273cd90b1c4d,a677095911df518d8442cc7d35b2a623f527e4f2b4462326375a9056f3f1c3ec
C:\Users\1\Desktop\B0\q4_iterations\iter_066_adaptive_probe4_guard11\workspace\code,v436-adaptive-probe4-guard11,50042,12e8d58ab467701b0c3ef30bd7ddd403ab07c20243660b3bca0c8bc3caff1a65,13,9,13,True,5106.381688,392.7985913846154,3805.381688,1301.0,192,180,32,18,1.7969999999986612,True,True,True,blocked_by_python_audit_hook,a56410dbdb2101e5af10affcc60fde342fc2f580bd20ed6e1c91273cd90b1c4d,a677095911df518d8442cc7d35b2a623f527e4f2b4462326375a9056f3f1c3ec
C:\Users\1\Desktop\B0\q4_iterations\iter_067_rescan1\workspace\code,v437-rescan1,50042,12e8d58ab467701b0c3ef30bd7ddd403ab07c20243660b3bca0c8bc3caff1a65,13,9,13,True,5126.034562,394.3103509230769,3839.034562,1287.0,191,174,31,18,1.8440000000009604,True,True,True,blocked_by_python_audit_hook,a56410dbdb2101e5af10affcc60fde342fc2f580bd20ed6e1c91273cd90b1c4d,a677095911df518d8442cc7d35b2a623f527e4f2b4462326375a9056f3f1c3ec
C:\Users\1\Desktop\B0\q4_iterations\iter_068_single_bearing_rescan\workspace\code,v438-single-bearing-rescan,50042,12e8d58ab467701b0c3ef30bd7ddd403ab07c20243660b3bca0c8bc3caff1a65,13,9,13,True,5075.787323,390.44517869230765,3795.787323,1280.0,188,176,33,18,1.75,True,True,True,blocked_by_python_audit_hook,a56410dbdb2101e5af10affcc60fde342fc2f580bd20ed6e1c91273cd90b1c4d,a677095911df518d8442cc7d35b2a623f527e4f2b4462326375a9056f3f1c3ec
C:\Users\1\Desktop\B0\q4_iterations\iter_066_adaptive_probe4_guard11\workspace\code,v436-adaptive-probe4-guard11,50044,ce9d7a9450c2a09fb8d6a7976e33745b77dc514dbc2d802212baa52467126c2c,11,11,9,False,4990.533495,554.5037216666666,3128.533495,1862.0,286,270,39,18,1.5319999999992433,True,True,True,blocked_by_python_audit_hook,a56410dbdb2101e5af10affcc60fde342fc2f580bd20ed6e1c91273cd90b1c4d,a677095911df518d8442cc7d35b2a623f527e4f2b4462326375a9056f3f1c3ec
C:\Users\1\Desktop\B0\q4_iterations\iter_067_rescan1\workspace\code,v437-rescan1,50044,ce9d7a9450c2a09fb8d6a7976e33745b77dc514dbc2d802212baa52467126c2c,11,11,9,False,5098.022865,566.446985,3266.022865,1832.0,280,267,40,18,1.5779999999977008,True,True,True,blocked_by_python_audit_hook,a56410dbdb2101e5af10affcc60fde342fc2f580bd20ed6e1c91273cd90b1c4d,a677095911df518d8442cc7d35b2a623f527e4f2b4462326375a9056f3f1c3ec
C:\Users\1\Desktop\B0\q4_iterations\iter_068_single_bearing_rescan\workspace\code,v438-single-bearing-rescan,50044,ce9d7a9450c2a09fb8d6a7976e33745b77dc514dbc2d802212baa52467126c2c,11,11,9,False,4906.167715,545.1297461111111,3140.167715,1766.0,277,261,25,18,1.5629999999982829,True,True,True,blocked_by_python_audit_hook,a56410dbdb2101e5af10affcc60fde342fc2f580bd20ed6e1c91273cd90b1c4d,a677095911df518d8442cc7d35b2a623f527e4f2b4462326375a9056f3f1c3ec
C:\Users\1\Desktop\B0\q4_iterations\iter_066_adaptive_probe4_guard11\workspace\code,v436-adaptive-probe4-guard11,50051,ce1fffbb2d5140f4c7d80497d707a5500b1758b02393e00b65fb84483ce7abdb,16,10,16,True,4979.300616,311.2062885,3694.300616,1285.0,193,180,20,19,1.4379999999982829,True,True,True,blocked_by_python_audit_hook,a56410dbdb2101e5af10affcc60fde342fc2f580bd20ed6e1c91273cd90b1c4d,a677095911df518d8442cc7d35b2a623f527e4f2b4462326375a9056f3f1c3ec
C:\Users\1\Desktop\B0\q4_iterations\iter_067_rescan1\workspace\code,v437-rescan1,50051,ce1fffbb2d5140f4c7d80497d707a5500b1758b02393e00b65fb84483ce7abdb,16,10,16,True,5319.424121,332.4640075625,4007.424121,1312.0,194,181,27,20,1.4690000000009604,True,True,True,blocked_by_python_audit_hook,a56410dbdb2101e5af10affcc60fde342fc2f580bd20ed6e1c91273cd90b1c4d,a677095911df518d8442cc7d35b2a623f527e4f2b4462326375a9056f3f1c3ec
C:\Users\1\Desktop\B0\q4_iterations\iter_068_single_bearing_rescan\workspace\code,v438-single-bearing-rescan,50051,ce1fffbb2d5140f4c7d80497d707a5500b1758b02393e00b65fb84483ce7abdb,16,10,16,True,5216.796863,326.0498039375,3894.796863,1322.0,191,179,36,19,1.5320000000028813,True,True,True,blocked_by_python_audit_hook,a56410dbdb2101e5af10affcc60fde342fc2f580bd20ed6e1c91273cd90b1c4d,a677095911df518d8442cc7d35b2a623f527e4f2b4462326375a9056f3f1c3ec
C:\Users\1\Desktop\B0\q4_iterations\iter_066_adaptive_probe4_guard11\workspace\code,v436-adaptive-probe4-guard11,50053,bd258d4734918bdc0ffeb1e909d5407c6b01af6fdc604dc877493b6efa75e7d9,13,11,11,False,5285.54918,480.5044709090909,3546.54918,1739.0,264,253,37,19,1.7190000000009604,True,True,True,blocked_by_python_audit_hook,a56410dbdb2101e5af10affcc60fde342fc2f580bd20ed6e1c91273cd90b1c4d,a677095911df518d8442cc7d35b2a623f527e4f2b4462326375a9056f3f1c3ec
C:\Users\1\Desktop\B0\q4_iterations\iter_067_rescan1\workspace\code,v437-rescan1,50053,bd258d4734918bdc0ffeb1e909d5407c6b01af6fdc604dc877493b6efa75e7d9,13,11,12,False,5832.598233,486.04985274999996,4090.598233,1742.0,261,248,43,19,1.8129999999982829,True,True,True,blocked_by_python_audit_hook,a56410dbdb2101e5af10affcc60fde342fc2f580bd20ed6e1c91273cd90b1c4d,a677095911df518d8442cc7d35b2a623f527e4f2b4462326375a9056f3f1c3ec
C:\Users\1\Desktop\B0\q4_iterations\iter_068_single_bearing_rescan\workspace\code,v438-single-bearing-rescan,50053,bd258d4734918bdc0ffeb1e909d5407c6b01af6fdc604dc877493b6efa75e7d9,13,11,11,False,5250.081066,477.2800969090909,3559.081066,1691.0,255,241,40,19,1.985000000000582,True,True,True,blocked_by_python_audit_hook,a56410dbdb2101e5af10affcc60fde342fc2f580bd20ed6e1c91273cd90b1c4d,a677095911df518d8442cc7d35b2a623f527e4f2b4462326375a9056f3f1c3ec
C:\Users\1\Desktop\B0\q4_iterations\iter_066_adaptive_probe4_guard11\workspace\code,v436-adaptive-probe4-guard11,50054,46a000bf7191f578885ebe1ff34cf4d9ccda9267be0462f0845092d5d18eda5e,12,10,12,True,5929.768579,494.1473815833333,4539.768579,1390.0,193,182,61,15,2.0,True,True,True,blocked_by_python_audit_hook,a56410dbdb2101e5af10affcc60fde342fc2f580bd20ed6e1c91273cd90b1c4d,a677095911df518d8442cc7d35b2a623f527e4f2b4462326375a9056f3f1c3ec
C:\Users\1\Desktop\B0\q4_iterations\iter_067_rescan1\workspace\code,v437-rescan1,50054,46a000bf7191f578885ebe1ff34cf4d9ccda9267be0462f0845092d5d18eda5e,12,10,12,True,6037.879477,503.1566230833334,4651.879477,1386.0,189,177,68,15,1.9840000000003783,True,True,True,blocked_by_python_audit_hook,a56410dbdb2101e5af10affcc60fde342fc2f580bd20ed6e1c91273cd90b1c4d,a677095911df518d8442cc7d35b2a623f527e4f2b4462326375a9056f3f1c3ec
C:\Users\1\Desktop\B0\q4_iterations\iter_068_single_bearing_rescan\workspace\code,v438-single-bearing-rescan,50054,46a000bf7191f578885ebe1ff34cf4d9ccda9267be0462f0845092d5d18eda5e,12,10,12,True,5892.573541,491.0477950833333,4544.573541,1348.0,186,175,61,15,1.9690000000009604,True,True,True,blocked_by_python_audit_hook,a56410dbdb2101e5af10affcc60fde342fc2f580bd20ed6e1c91273cd90b1c4d,a677095911df518d8442cc7d35b2a623f527e4f2b4462326375a9056f3f1c3ec
C:\Users\1\Desktop\B0\q4_iterations\iter_066_adaptive_probe4_guard11\workspace\code,v436-adaptive-probe4-guard11,50057,639cc3122646dfd3067e16785acb0808d0212a8cb7349977e13493ab759ee92e,16,9,16,True,5074.995862,317.187241375,3834.995862,1240.0,177,161,38,19,1.9059999999990396,True,True,True,blocked_by_python_audit_hook,a56410dbdb2101e5af10affcc60fde342fc2f580bd20ed6e1c91273cd90b1c4d,a677095911df518d8442cc7d35b2a623f527e4f2b4462326375a9056f3f1c3ec
C:\Users\1\Desktop\B0\q4_iterations\iter_067_rescan1\workspace\code,v437-rescan1,50057,639cc3122646dfd3067e16785acb0808d0212a8cb7349977e13493ab759ee92e,16,9,15,False,5091.695422,339.44636146666664,3821.695422,1270.0,180,160,45,20,2.0320000000028813,True,True,True,blocked_by_python_audit_hook,a56410dbdb2101e5af10affcc60fde342fc2f580bd20ed6e1c91273cd90b1c4d,a677095911df518d8442cc7d35b2a623f527e4f2b4462326375a9056f3f1c3ec
C:\Users\1\Desktop\B0\q4_iterations\iter_068_single_bearing_rescan\workspace\code,v438-single-bearing-rescan,50057,639cc3122646dfd3067e16785acb0808d0212a8cb7349977e13493ab759ee92e,16,9,16,True,5052.85181,315.803238125,3836.85181,1216.0,172,156,40,19,1.8119999999980791,True,True,True,blocked_by_python_audit_hook,a56410dbdb2101e5af10affcc60fde342fc2f580bd20ed6e1c91273cd90b1c4d,a677095911df518d8442cc7d35b2a623f527e4f2b4462326375a9056f3f1c3ec
C:\Users\1\Desktop\B0\q4_iterations\iter_066_adaptive_probe4_guard11\workspace\code,v436-adaptive-probe4-guard11,50074,b6724bf5014b4e8622801744a85cae55ca19a0052f48d7d198eabc378c855a5f,16,10,16,True,5275.026471,329.6891544375,3919.026471,1356.0,195,181,40,21,2.0309999999990396,True,True,True,blocked_by_python_audit_hook,a56410dbdb2101e5af10affcc60fde342fc2f580bd20ed6e1c91273cd90b1c4d,a677095911df518d8442cc7d35b2a623f527e4f2b4462326375a9056f3f1c3ec
C:\Users\1\Desktop\B0\q4_iterations\iter_067_rescan1\workspace\code,v437-rescan1,50074,b6724bf5014b4e8622801744a85cae55ca19a0052f48d7d198eabc378c855a5f,16,10,16,True,5282.18409,330.136505625,3977.18409,1305.0,188,174,37,21,1.625,True,True,True,blocked_by_python_audit_hook,a56410dbdb2101e5af10affcc60fde342fc2f580bd20ed6e1c91273cd90b1c4d,a677095911df518d8442cc7d35b2a623f527e4f2b4462326375a9056f3f1c3ec
C:\Users\1\Desktop\B0\q4_iterations\iter_068_single_bearing_rescan\workspace\code,v438-single-bearing-rescan,50074,b6724bf5014b4e8622801744a85cae55ca19a0052f48d7d198eabc378c855a5f,16,10,16,True,5256.281469,328.5175918125,3937.281469,1319.0,187,172,44,21,1.5320000000028813,True,True,True,blocked_by_python_audit_hook,a56410dbdb2101e5af10affcc60fde342fc2f580bd20ed6e1c91273cd90b1c4d,a677095911df518d8442cc7d35b2a623f527e4f2b4462326375a9056f3f1c3ec
